{
    "gameDuration": 480.0,
    "focusY": 0.45500001311302187,
    "focusScale": 0.3812499940395355,
    "focusShape": 1,
    "shapeDisplayDuration": 1000.0,
    "betweenShapesDuration": 5000.0
}