Using pre-set license
Built from '2022.3/staging' branch; Version is '2022.3.62f1 (4af31df58517) revision 4911901'; Using compiler version '192829333'; Build Type 'Release'
OS: 'Windows 11  (10.0.26100) 64bit Professional' Language: 'en' Physical Memory: 8029 MB
BatchMode: 1, IsHumanControllingUs: 0, StartBugReporterOnCrash: 0, Is64bit: 1, IsPro: 1

COMMAND LINE ARGUMENTS:
C:\Program Files\Unity\Hub\Editor\2022.3.62f1\Editor\Unity.exe
-adb2
-batchMode
-noUpm
-name
AssetImportWorker0
-projectPath
C:/Users/Admin/OneDrive/מסמכים/GitHub/visual-field-vr-rehab/Vision VR Game
-logFile
Logs/AssetImportWorker0.log
-srvPort
59047
Successfully changed project path to: C:/Users/Admin/OneDrive/מסמכים/GitHub/visual-field-vr-rehab/Vision VR Game
C:/Users/Admin/OneDrive/מסמכים/GitHub/visual-field-vr-rehab/Vision VR Game
[UnityMemory] Configuration Parameters - Can be set up in boot.config
    "memorysetup-bucket-allocator-granularity=16"
    "memorysetup-bucket-allocator-bucket-count=8"
    "memorysetup-bucket-allocator-block-size=33554432"
    "memorysetup-bucket-allocator-block-count=8"
    "memorysetup-main-allocator-block-size=16777216"
    "memorysetup-thread-allocator-block-size=16777216"
    "memorysetup-gfx-main-allocator-block-size=16777216"
    "memorysetup-gfx-thread-allocator-block-size=16777216"
    "memorysetup-cache-allocator-block-size=4194304"
    "memorysetup-typetree-allocator-block-size=2097152"
    "memorysetup-profiler-bucket-allocator-granularity=16"
    "memorysetup-profiler-bucket-allocator-bucket-count=8"
    "memorysetup-profiler-bucket-allocator-block-size=33554432"
    "memorysetup-profiler-bucket-allocator-block-count=8"
    "memorysetup-profiler-allocator-block-size=16777216"
    "memorysetup-profiler-editor-allocator-block-size=1048576"
    "memorysetup-temp-allocator-size-main=16777216"
    "memorysetup-job-temp-allocator-block-size=2097152"
    "memorysetup-job-temp-allocator-block-size-background=1048576"
    "memorysetup-job-temp-allocator-reduction-small-platforms=262144"
    "memorysetup-allocator-temp-initial-block-size-main=262144"
    "memorysetup-allocator-temp-initial-block-size-worker=262144"
    "memorysetup-temp-allocator-size-background-worker=32768"
    "memorysetup-temp-allocator-size-job-worker=262144"
    "memorysetup-temp-allocator-size-preload-manager=33554432"
    "memorysetup-temp-allocator-size-nav-mesh-worker=65536"
    "memorysetup-temp-allocator-size-audio-worker=65536"
    "memorysetup-temp-allocator-size-cloud-worker=32768"
    "memorysetup-temp-allocator-size-gi-baking-worker=262144"
    "memorysetup-temp-allocator-size-gfx=262144"
Player connection [10276]  Target information:

Player connection [10276]  * "[IP] 192.168.106.1 [Port] 0 [Flags] 2 [Guid] 180449036 [EditorId] 180449036 [Version] 1048832 [Id] WindowsEditor(7,DESKTOP-6DIPJ91) [Debug] 1 [PackageName] WindowsEditor [ProjectName] Editor" 

Player connection [10276]  * "[IP] 192.168.95.1 [Port] 0 [Flags] 2 [Guid] 180449036 [EditorId] 180449036 [Version] 1048832 [Id] WindowsEditor(7,DESKTOP-6DIPJ91) [Debug] 1 [PackageName] WindowsEditor [ProjectName] Editor" 

Player connection [10276]  * "[IP] 192.168.55.108 [Port] 0 [Flags] 2 [Guid] 180449036 [EditorId] 180449036 [Version] 1048832 [Id] WindowsEditor(7,DESKTOP-6DIPJ91) [Debug] 1 [PackageName] WindowsEditor [ProjectName] Editor" 

Player connection [10276] Host joined multi-casting on [225.0.0.222:54997]...
Player connection [10276] Host joined alternative multi-casting on [225.0.0.222:34997]...
Input System module state changed to: Initialized.
[PhysX] Initialized MultithreadedTaskDispatcher with 8 workers.
Refreshing native plugins compatible for Editor in 378.54 ms, found 3 plugins.
Preloading 0 native plugins for Editor in 0.00 ms.
Initialize engine version: 2022.3.62f1 (4af31df58517)
[Subsystems] Discovering subsystems at path C:/Program Files/Unity/Hub/Editor/2022.3.62f1/Editor/Data/Resources/UnitySubsystems
[Subsystems] Discovering subsystems at path C:/Users/Admin/OneDrive/מסמכים/GitHub/visual-field-vr-rehab/Vision VR Game/Assets
GfxDevice: creating device client; threaded=0; jobified=0
Direct3D:
    Version:  Direct3D 11.0 [level 11.1]
    Renderer: Intel(R) UHD Graphics (ID=0x9b41)
    Vendor:   Intel
    VRAM:     4014 MB
    Driver:   31.0.101.2135
Initialize mono
Mono path[0] = 'C:/Program Files/Unity/Hub/Editor/2022.3.62f1/Editor/Data/Managed'
Mono path[1] = 'C:/Program Files/Unity/Hub/Editor/2022.3.62f1/Editor/Data/MonoBleedingEdge/lib/mono/unityjit-win32'
Mono config path = 'C:/Program Files/Unity/Hub/Editor/2022.3.62f1/Editor/Data/MonoBleedingEdge/etc'
Using monoOptions --debugger-agent=transport=dt_socket,embedding=1,server=y,suspend=n,address=127.0.0.1:56480
Begin MonoManager ReloadAssembly
Registering precompiled unity dll's ...
Register platform support module: C:/Program Files/Unity/Hub/Editor/2022.3.62f1/Editor/Data/PlaybackEngines/AndroidPlayer/UnityEditor.Android.Extensions.dll
Register platform support module: C:/Program Files/Unity/Hub/Editor/2022.3.62f1/Editor/Data/PlaybackEngines/WindowsStandaloneSupport/UnityEditor.WindowsStandalone.Extensions.dll
Registered in 0.018649 seconds.
- Loaded All Assemblies, in  1.243 seconds
Native extension for WindowsStandalone target not found
Native extension for Android target not found
Android Extension - Scanning For ADB Devices 1254 ms
Mono: successfully reloaded assembly
- Finished resetting the current domain, in  2.584 seconds
Domain Reload Profiling: 3824ms
	BeginReloadAssembly (425ms)
		ExecutionOrderSort (0ms)
		DisableScriptedObjects (0ms)
		BackupInstance (0ms)
		ReleaseScriptingObjects (0ms)
		CreateAndSetChildDomain (2ms)
	RebuildCommonClasses (126ms)
	RebuildNativeTypeToScriptingClass (38ms)
	initialDomainReloadingComplete (168ms)
	LoadAllAssembliesAndSetupDomain (482ms)
		LoadAssemblies (425ms)
		RebuildTransferFunctionScriptingTraits (0ms)
		AnalyzeDomain (472ms)
			TypeCache.Refresh (466ms)
				TypeCache.ScanAssembly (411ms)
			ScanForSourceGeneratedMonoScriptInfo (2ms)
			ResolveRequiredComponents (1ms)
	FinalizeReload (2585ms)
		ReleaseScriptCaches (0ms)
		RebuildScriptCaches (0ms)
		SetupLoadedEditorAssemblies (2322ms)
			LogAssemblyErrors (0ms)
			InitializePlatformSupportModulesInManaged (1739ms)
			SetLoadedEditorAssemblies (26ms)
			RefreshPlugins (0ms)
			BeforeProcessingInitializeOnLoad (10ms)
			ProcessInitializeOnLoadAttributes (410ms)
			ProcessInitializeOnLoadMethodAttributes (137ms)
			AfterProcessingInitializeOnLoad (0ms)
			EditorAssembliesLoaded (0ms)
		ExecutionOrderSort2 (0ms)
		AwakeInstancesAfterBackupRestoration (0ms)
========================================================================
Worker process is ready to serve import requests
Caller must complete domain reload
Begin MonoManager ReloadAssembly
- Loaded All Assemblies, in  5.966 seconds
Native extension for WindowsStandalone target not found
Native extension for Android target not found
Package Manager log level set to [2]
[Package Manager] Server::EnsureServerProcessIsRunning -- launch failed, reason: Unity was launched with the -noUpm command-line argument
[Package Manager] UpmClient::Send -- Unable to send message (not connected to UPM process).
[Package Manager] Cannot connect to Unity Package Manager local server
Mono: successfully reloaded assembly
[Package Manager] Server::EnsureServerProcessIsRunning -- launch failed, reason: Unity was launched with the -noUpm command-line argument
[Package Manager] UpmClient::Send -- Unable to send message (not connected to UPM process).
[Package Manager] Cannot connect to Unity Package Manager local server
[Package Manager] Server::EnsureServerProcessIsRunning -- launch failed, reason: Unity was launched with the -noUpm command-line argument
[Package Manager] UpmClient::Send -- Unable to send message (not connected to UPM process).
[Package Manager] Cannot connect to Unity Package Manager local server
- Finished resetting the current domain, in  1.456 seconds
Domain Reload Profiling: 7410ms
	BeginReloadAssembly (422ms)
		ExecutionOrderSort (0ms)
		DisableScriptedObjects (14ms)
		BackupInstance (0ms)
		ReleaseScriptingObjects (0ms)
		CreateAndSetChildDomain (59ms)
	RebuildCommonClasses (100ms)
	RebuildNativeTypeToScriptingClass (36ms)
	initialDomainReloadingComplete (120ms)
	LoadAllAssembliesAndSetupDomain (5274ms)
		LoadAssemblies (4801ms)
		RebuildTransferFunctionScriptingTraits (0ms)
		AnalyzeDomain (706ms)
			TypeCache.Refresh (650ms)
				TypeCache.ScanAssembly (604ms)
			ScanForSourceGeneratedMonoScriptInfo (38ms)
			ResolveRequiredComponents (13ms)
	FinalizeReload (1458ms)
		ReleaseScriptCaches (0ms)
		RebuildScriptCaches (0ms)
		SetupLoadedEditorAssemblies (998ms)
			LogAssemblyErrors (0ms)
			InitializePlatformSupportModulesInManaged (45ms)
			SetLoadedEditorAssemblies (10ms)
			RefreshPlugins (0ms)
			BeforeProcessingInitializeOnLoad (138ms)
			ProcessInitializeOnLoadAttributes (738ms)
			ProcessInitializeOnLoadMethodAttributes (53ms)
			AfterProcessingInitializeOnLoad (13ms)
			EditorAssembliesLoaded (0ms)
		ExecutionOrderSort2 (0ms)
		AwakeInstancesAfterBackupRestoration (16ms)
Launched and connected shader compiler UnityShaderCompiler.exe after 0.12 seconds
Refreshing native plugins compatible for Editor in 11.51 ms, found 3 plugins.
Preloading 0 native plugins for Editor in 0.00 ms.
Unloading 3368 Unused Serialized files (Serialized files now loaded: 0)
Unloading 20 unused Assets / (54.6 KB). Loaded Objects now: 3839.
Memory consumption went from 124.1 MB to 124.0 MB.
Total: 8.324900 ms (FindLiveObjects: 0.524400 ms CreateObjectMapping: 0.455400 ms MarkObjects: 7.125200 ms  DeleteObjects: 0.217100 ms)

AssetImportParameters requested are different than current active one (requested -> active):
  custom:container-demuxer-ogg: 62fdf1f143b41e24485cea50d1cbac27 -> 
  custom:video-decoder-ogg-theora: a1e56fd34408186e4bbccfd4996cb3dc -> 
  custom:framework-win-MediaFoundation: 216162199b28c13a410421893ffa2e32 -> 
  custom:CustomObjectIndexerAttribute: 9a22284fe3817be447336de3de66b15e -> 
  custom:container-demuxer-webm: 4f35f7cbe854078d1ac9338744f61a02 -> 
  custom:container-muxer-webm: aa71ff27fc2769a1b78a27578f13a17b -> 
  custom:video-decoder-webm-vp8: 9c59270c3fd7afecdb556c50c9e8de78 -> 
  custom:SearchIndexIgnoredProperties: e643bd26f0fe6173181afceb89e7c659 -> 
  custom:AudioImporter_EditorPlatform: d09bf68614088b80899f8185d706f6e7 -> 
  custom:video-encoder-webm-vp8: eb34c28f22e8b96e1ab97ce403110664 -> 
  custom:audio-decoder-ogg-vorbis: bf7c407c2cedff20999df2af8eb42d56 -> 
  custom:audio-encoder-webm-vorbis: bf7c407c2cedff20999df2af8eb42d56 -> 
========================================================================
Received Import Request.
  Time since last request: 36181.741448 seconds.
  path: Assets/GameLogic.cs
  artifactKey: Guid(4dadac08d62dc407685c2973b9a07c1e) Importer(815301076,1909f56bfc062723c751e8b465ee728b)
Start importing Assets/GameLogic.cs using Guid(4dadac08d62dc407685c2973b9a07c1e) Importer(815301076,1909f56bfc062723c751e8b465ee728b) [PhysX] Initialized MultithreadedTaskDispatcher with 8 workers.
 -> (artifact id: '1d38010eb2672c47dcbefb9a633f62f7') in 0.009975 seconds
Number of updated asset objects reloaded before import = 0
Number of asset objects unloaded after import = 0
========================================================================
Received Prepare
Caller must complete domain reload
Begin MonoManager ReloadAssembly
- Loaded All Assemblies, in  1.080 seconds
Native extension for WindowsStandalone target not found
Native extension for Android target not found
[Package Manager] Server::EnsureServerProcessIsRunning -- launch failed, reason: Unity was launched with the -noUpm command-line argument
[Package Manager] UpmClient::Send -- Unable to send message (not connected to UPM process).
[Package Manager] Cannot connect to Unity Package Manager local server
Mono: successfully reloaded assembly
[Package Manager] Server::EnsureServerProcessIsRunning -- launch failed, reason: Unity was launched with the -noUpm command-line argument
[Package Manager] UpmClient::Send -- Unable to send message (not connected to UPM process).
[Package Manager] Cannot connect to Unity Package Manager local server
- Finished resetting the current domain, in  5.664 seconds
Domain Reload Profiling: 6741ms
	BeginReloadAssembly (410ms)
		ExecutionOrderSort (0ms)
		DisableScriptedObjects (20ms)
		BackupInstance (0ms)
		ReleaseScriptingObjects (0ms)
		CreateAndSetChildDomain (114ms)
	RebuildCommonClasses (71ms)
	RebuildNativeTypeToScriptingClass (24ms)
	initialDomainReloadingComplete (54ms)
	LoadAllAssembliesAndSetupDomain (516ms)
		LoadAssemblies (679ms)
		RebuildTransferFunctionScriptingTraits (0ms)
		AnalyzeDomain (53ms)
			TypeCache.Refresh (16ms)
				TypeCache.ScanAssembly (1ms)
			ScanForSourceGeneratedMonoScriptInfo (18ms)
			ResolveRequiredComponents (15ms)
	FinalizeReload (5667ms)
		ReleaseScriptCaches (0ms)
		RebuildScriptCaches (0ms)
		SetupLoadedEditorAssemblies (2329ms)
			LogAssemblyErrors (0ms)
			InitializePlatformSupportModulesInManaged (125ms)
			SetLoadedEditorAssemblies (34ms)
			RefreshPlugins (0ms)
			BeforeProcessingInitializeOnLoad (325ms)
			ProcessInitializeOnLoadAttributes (1683ms)
			ProcessInitializeOnLoadMethodAttributes (140ms)
			AfterProcessingInitializeOnLoad (23ms)
			EditorAssembliesLoaded (0ms)
		ExecutionOrderSort2 (0ms)
		AwakeInstancesAfterBackupRestoration (31ms)
Refreshing native plugins compatible for Editor in 8.13 ms, found 3 plugins.
Preloading 0 native plugins for Editor in 0.00 ms.
Unloading 3360 Unused Serialized files (Serialized files now loaded: 0)
Unloading 15 unused Assets / (28.5 KB). Loaded Objects now: 3843.
Memory consumption went from 123.0 MB to 123.0 MB.
Total: 6.777500 ms (FindLiveObjects: 0.442400 ms CreateObjectMapping: 0.359900 ms MarkObjects: 5.850900 ms  DeleteObjects: 0.122700 ms)

Prepare: number of updated asset objects reloaded= 0
AssetImportParameters requested are different than current active one (requested -> active):
  custom:container-demuxer-ogg: 62fdf1f143b41e24485cea50d1cbac27 -> 
  custom:video-decoder-ogg-theora: a1e56fd34408186e4bbccfd4996cb3dc -> 
  custom:framework-win-MediaFoundation: 216162199b28c13a410421893ffa2e32 -> 
  custom:CustomObjectIndexerAttribute: 9a22284fe3817be447336de3de66b15e -> 
  custom:container-demuxer-webm: 4f35f7cbe854078d1ac9338744f61a02 -> 
  custom:container-muxer-webm: aa71ff27fc2769a1b78a27578f13a17b -> 
  custom:video-decoder-webm-vp8: 9c59270c3fd7afecdb556c50c9e8de78 -> 
  custom:SearchIndexIgnoredProperties: e643bd26f0fe6173181afceb89e7c659 -> 
  custom:AudioImporter_EditorPlatform: d09bf68614088b80899f8185d706f6e7 -> 
  custom:video-encoder-webm-vp8: eb34c28f22e8b96e1ab97ce403110664 -> 
  custom:audio-decoder-ogg-vorbis: bf7c407c2cedff20999df2af8eb42d56 -> 
  custom:audio-encoder-webm-vorbis: bf7c407c2cedff20999df2af8eb42d56 -> 
========================================================================
Received Prepare
Caller must complete domain reload
Begin MonoManager ReloadAssembly
- Loaded All Assemblies, in  0.979 seconds
Native extension for WindowsStandalone target not found
Native extension for Android target not found
[Package Manager] Server::EnsureServerProcessIsRunning -- launch failed, reason: Unity was launched with the -noUpm command-line argument
[Package Manager] UpmClient::Send -- Unable to send message (not connected to UPM process).
[Package Manager] Cannot connect to Unity Package Manager local server
Mono: successfully reloaded assembly
[Package Manager] Server::EnsureServerProcessIsRunning -- launch failed, reason: Unity was launched with the -noUpm command-line argument
[Package Manager] UpmClient::Send -- Unable to send message (not connected to UPM process).
[Package Manager] Cannot connect to Unity Package Manager local server
- Finished resetting the current domain, in  4.325 seconds
Domain Reload Profiling: 5299ms
	BeginReloadAssembly (294ms)
		ExecutionOrderSort (0ms)
		DisableScriptedObjects (10ms)
		BackupInstance (0ms)
		ReleaseScriptingObjects (0ms)
		CreateAndSetChildDomain (50ms)
	RebuildCommonClasses (76ms)
	RebuildNativeTypeToScriptingClass (23ms)
	initialDomainReloadingComplete (66ms)
	LoadAllAssembliesAndSetupDomain (513ms)
		LoadAssemblies (666ms)
		RebuildTransferFunctionScriptingTraits (0ms)
		AnalyzeDomain (30ms)
			TypeCache.Refresh (9ms)
				TypeCache.ScanAssembly (0ms)
			ScanForSourceGeneratedMonoScriptInfo (0ms)
			ResolveRequiredComponents (16ms)
	FinalizeReload (4328ms)
		ReleaseScriptCaches (0ms)
		RebuildScriptCaches (0ms)
		SetupLoadedEditorAssemblies (2463ms)
			LogAssemblyErrors (0ms)
			InitializePlatformSupportModulesInManaged (123ms)
			SetLoadedEditorAssemblies (34ms)
			RefreshPlugins (0ms)
			BeforeProcessingInitializeOnLoad (439ms)
			ProcessInitializeOnLoadAttributes (1673ms)
			ProcessInitializeOnLoadMethodAttributes (150ms)
			AfterProcessingInitializeOnLoad (45ms)
			EditorAssembliesLoaded (1ms)
		ExecutionOrderSort2 (0ms)
		AwakeInstancesAfterBackupRestoration (45ms)
Refreshing native plugins compatible for Editor in 19.29 ms, found 3 plugins.
Preloading 0 native plugins for Editor in 0.00 ms.
Unloading 3361 Unused Serialized files (Serialized files now loaded: 0)
Unloading 15 unused Assets / (28.5 KB). Loaded Objects now: 3847.
Memory consumption went from 123.2 MB to 123.2 MB.
Total: 13.770500 ms (FindLiveObjects: 0.928500 ms CreateObjectMapping: 0.723200 ms MarkObjects: 11.703000 ms  DeleteObjects: 0.409400 ms)

Prepare: number of updated asset objects reloaded= 0
AssetImportParameters requested are different than current active one (requested -> active):
  custom:container-demuxer-ogg: 62fdf1f143b41e24485cea50d1cbac27 -> 
  custom:video-decoder-ogg-theora: a1e56fd34408186e4bbccfd4996cb3dc -> 
  custom:framework-win-MediaFoundation: 216162199b28c13a410421893ffa2e32 -> 
  custom:CustomObjectIndexerAttribute: 9a22284fe3817be447336de3de66b15e -> 
  custom:container-demuxer-webm: 4f35f7cbe854078d1ac9338744f61a02 -> 
  custom:container-muxer-webm: aa71ff27fc2769a1b78a27578f13a17b -> 
  custom:video-decoder-webm-vp8: 9c59270c3fd7afecdb556c50c9e8de78 -> 
  custom:SearchIndexIgnoredProperties: e643bd26f0fe6173181afceb89e7c659 -> 
  custom:AudioImporter_EditorPlatform: d09bf68614088b80899f8185d706f6e7 -> 
  custom:video-encoder-webm-vp8: eb34c28f22e8b96e1ab97ce403110664 -> 
  custom:audio-decoder-ogg-vorbis: bf7c407c2cedff20999df2af8eb42d56 -> 
  custom:audio-encoder-webm-vorbis: bf7c407c2cedff20999df2af8eb42d56 -> 
========================================================================
Received Import Request.
  Time since last request: 194.426605 seconds.
  path: Assets/GameLogic.cs
  artifactKey: Guid(4dadac08d62dc407685c2973b9a07c1e) Importer(815301076,1909f56bfc062723c751e8b465ee728b)
Start importing Assets/GameLogic.cs using Guid(4dadac08d62dc407685c2973b9a07c1e) Importer(815301076,1909f56bfc062723c751e8b465ee728b) [PhysX] Initialized MultithreadedTaskDispatcher with 8 workers.
 -> (artifact id: '09066218bda8a7d0b4be1f6ecba627e0') in 0.004927 seconds
Number of updated asset objects reloaded before import = 0
Number of asset objects unloaded after import = 0
========================================================================
Received Prepare
Caller must complete domain reload
Begin MonoManager ReloadAssembly
- Loaded All Assemblies, in  1.345 seconds
Native extension for WindowsStandalone target not found
Native extension for Android target not found
[Package Manager] Server::EnsureServerProcessIsRunning -- launch failed, reason: Unity was launched with the -noUpm command-line argument
[Package Manager] UpmClient::Send -- Unable to send message (not connected to UPM process).
[Package Manager] Cannot connect to Unity Package Manager local server
Mono: successfully reloaded assembly
[Package Manager] Server::EnsureServerProcessIsRunning -- launch failed, reason: Unity was launched with the -noUpm command-line argument
[Package Manager] UpmClient::Send -- Unable to send message (not connected to UPM process).
[Package Manager] Cannot connect to Unity Package Manager local server
- Finished resetting the current domain, in  5.008 seconds
Domain Reload Profiling: 6343ms
	BeginReloadAssembly (437ms)
		ExecutionOrderSort (0ms)
		DisableScriptedObjects (16ms)
		BackupInstance (0ms)
		ReleaseScriptingObjects (0ms)
		CreateAndSetChildDomain (61ms)
	RebuildCommonClasses (148ms)
	RebuildNativeTypeToScriptingClass (30ms)
	initialDomainReloadingComplete (84ms)
	LoadAllAssembliesAndSetupDomain (635ms)
		LoadAssemblies (857ms)
		RebuildTransferFunctionScriptingTraits (0ms)
		AnalyzeDomain (54ms)
			TypeCache.Refresh (19ms)
				TypeCache.ScanAssembly (1ms)
			ScanForSourceGeneratedMonoScriptInfo (18ms)
			ResolveRequiredComponents (13ms)
	FinalizeReload (5009ms)
		ReleaseScriptCaches (0ms)
		RebuildScriptCaches (0ms)
		SetupLoadedEditorAssemblies (1778ms)
			LogAssemblyErrors (0ms)
			InitializePlatformSupportModulesInManaged (86ms)
			SetLoadedEditorAssemblies (15ms)
			RefreshPlugins (0ms)
			BeforeProcessingInitializeOnLoad (249ms)
			ProcessInitializeOnLoadAttributes (1263ms)
			ProcessInitializeOnLoadMethodAttributes (140ms)
			AfterProcessingInitializeOnLoad (24ms)
			EditorAssembliesLoaded (1ms)
		ExecutionOrderSort2 (0ms)
		AwakeInstancesAfterBackupRestoration (27ms)
Refreshing native plugins compatible for Editor in 18.46 ms, found 3 plugins.
Preloading 0 native plugins for Editor in 0.00 ms.
Unloading 3360 Unused Serialized files (Serialized files now loaded: 0)
Unloading 15 unused Assets / (28.5 KB). Loaded Objects now: 3851.
Memory consumption went from 123.0 MB to 123.0 MB.
Total: 11.613300 ms (FindLiveObjects: 0.781900 ms CreateObjectMapping: 0.697300 ms MarkObjects: 9.995000 ms  DeleteObjects: 0.135800 ms)

Prepare: number of updated asset objects reloaded= 0
AssetImportParameters requested are different than current active one (requested -> active):
  custom:container-demuxer-ogg: 62fdf1f143b41e24485cea50d1cbac27 -> 
  custom:video-decoder-ogg-theora: a1e56fd34408186e4bbccfd4996cb3dc -> 
  custom:framework-win-MediaFoundation: 216162199b28c13a410421893ffa2e32 -> 
  custom:CustomObjectIndexerAttribute: 9a22284fe3817be447336de3de66b15e -> 
  custom:container-demuxer-webm: 4f35f7cbe854078d1ac9338744f61a02 -> 
  custom:container-muxer-webm: aa71ff27fc2769a1b78a27578f13a17b -> 
  custom:video-decoder-webm-vp8: 9c59270c3fd7afecdb556c50c9e8de78 -> 
  custom:SearchIndexIgnoredProperties: e643bd26f0fe6173181afceb89e7c659 -> 
  custom:AudioImporter_EditorPlatform: d09bf68614088b80899f8185d706f6e7 -> 
  custom:video-encoder-webm-vp8: eb34c28f22e8b96e1ab97ce403110664 -> 
  custom:audio-decoder-ogg-vorbis: bf7c407c2cedff20999df2af8eb42d56 -> 
  custom:audio-encoder-webm-vorbis: bf7c407c2cedff20999df2af8eb42d56 -> 
  custom:scripting/precompiled-assembly-types:Assembly-CSharp: 41c991b8ce6e37561ad2fb263461f093 -> a9b6643ebb9e677ed2e0025dcc569a5e
========================================================================
Received Import Request.
  Time since last request: 212.100068 seconds.
  path: Assets/GameLogic.cs
  artifactKey: Guid(4dadac08d62dc407685c2973b9a07c1e) Importer(815301076,1909f56bfc062723c751e8b465ee728b)
Start importing Assets/GameLogic.cs using Guid(4dadac08d62dc407685c2973b9a07c1e) Importer(815301076,1909f56bfc062723c751e8b465ee728b) [PhysX] Initialized MultithreadedTaskDispatcher with 8 workers.
 -> (artifact id: '1391c9595688c7d5f1a561e1f8ef38ce') in 0.008352 seconds
Number of updated asset objects reloaded before import = 0
Number of asset objects unloaded after import = 0
========================================================================
Received Prepare
Caller must complete domain reload
Begin MonoManager ReloadAssembly
- Loaded All Assemblies, in  7.399 seconds
Native extension for WindowsStandalone target not found
Native extension for Android target not found
[Package Manager] Server::EnsureServerProcessIsRunning -- launch failed, reason: Unity was launched with the -noUpm command-line argument
[Package Manager] UpmClient::Send -- Unable to send message (not connected to UPM process).
[Package Manager] Cannot connect to Unity Package Manager local server
Mono: successfully reloaded assembly
[Package Manager] Server::EnsureServerProcessIsRunning -- launch failed, reason: Unity was launched with the -noUpm command-line argument
[Package Manager] UpmClient::Send -- Unable to send message (not connected to UPM process).
[Package Manager] Cannot connect to Unity Package Manager local server
- Finished resetting the current domain, in 20.281 seconds
Domain Reload Profiling: 27619ms
	BeginReloadAssembly (1720ms)
		ExecutionOrderSort (0ms)
		DisableScriptedObjects (68ms)
		BackupInstance (0ms)
		ReleaseScriptingObjects (1ms)
		CreateAndSetChildDomain (363ms)
	RebuildCommonClasses (501ms)
	RebuildNativeTypeToScriptingClass (157ms)
	initialDomainReloadingComplete (422ms)
	LoadAllAssembliesAndSetupDomain (4534ms)
		LoadAssemblies (5382ms)
		RebuildTransferFunctionScriptingTraits (0ms)
		AnalyzeDomain (185ms)
			TypeCache.Refresh (84ms)
				TypeCache.ScanAssembly (0ms)
			ScanForSourceGeneratedMonoScriptInfo (3ms)
			ResolveRequiredComponents (88ms)
	FinalizeReload (20285ms)
		ReleaseScriptCaches (0ms)
		RebuildScriptCaches (0ms)
		SetupLoadedEditorAssemblies (7242ms)
			LogAssemblyErrors (0ms)
			InitializePlatformSupportModulesInManaged (440ms)
			SetLoadedEditorAssemblies (88ms)
			RefreshPlugins (0ms)
			BeforeProcessingInitializeOnLoad (1205ms)
			ProcessInitializeOnLoadAttributes (4976ms)
			ProcessInitializeOnLoadMethodAttributes (424ms)
			AfterProcessingInitializeOnLoad (108ms)
			EditorAssembliesLoaded (1ms)
		ExecutionOrderSort2 (0ms)
		AwakeInstancesAfterBackupRestoration (110ms)
Refreshing native plugins compatible for Editor in 70.38 ms, found 3 plugins.
Preloading 0 native plugins for Editor in 0.00 ms.
Unloading 3360 Unused Serialized files (Serialized files now loaded: 0)
Unloading 15 unused Assets / (28.5 KB). Loaded Objects now: 3855.
Memory consumption went from 123.0 MB to 123.0 MB.
Total: 376.432300 ms (FindLiveObjects: 0.783600 ms CreateObjectMapping: 1.558100 ms MarkObjects: 373.967000 ms  DeleteObjects: 0.121000 ms)

Prepare: number of updated asset objects reloaded= 0
AssetImportParameters requested are different than current active one (requested -> active):
  custom:container-demuxer-ogg: 62fdf1f143b41e24485cea50d1cbac27 -> 
  custom:video-decoder-ogg-theora: a1e56fd34408186e4bbccfd4996cb3dc -> 
  custom:framework-win-MediaFoundation: 216162199b28c13a410421893ffa2e32 -> 
  custom:CustomObjectIndexerAttribute: 9a22284fe3817be447336de3de66b15e -> 
  custom:container-demuxer-webm: 4f35f7cbe854078d1ac9338744f61a02 -> 
  custom:container-muxer-webm: aa71ff27fc2769a1b78a27578f13a17b -> 
  custom:video-decoder-webm-vp8: 9c59270c3fd7afecdb556c50c9e8de78 -> 
  custom:SearchIndexIgnoredProperties: e643bd26f0fe6173181afceb89e7c659 -> 
  custom:AudioImporter_EditorPlatform: d09bf68614088b80899f8185d706f6e7 -> 
  custom:video-encoder-webm-vp8: eb34c28f22e8b96e1ab97ce403110664 -> 
  custom:audio-decoder-ogg-vorbis: bf7c407c2cedff20999df2af8eb42d56 -> 
  custom:audio-encoder-webm-vorbis: bf7c407c2cedff20999df2af8eb42d56 -> 
  custom:scripting/precompiled-assembly-types:Assembly-CSharp: 41c991b8ce6e37561ad2fb263461f093 -> a9b6643ebb9e677ed2e0025dcc569a5e
========================================================================
Received Prepare
Caller must complete domain reload
Begin MonoManager ReloadAssembly
- Loaded All Assemblies, in  1.933 seconds
Native extension for WindowsStandalone target not found
Native extension for Android target not found
[Package Manager] Server::EnsureServerProcessIsRunning -- launch failed, reason: Unity was launched with the -noUpm command-line argument
[Package Manager] UpmClient::Send -- Unable to send message (not connected to UPM process).
[Package Manager] Cannot connect to Unity Package Manager local server
Mono: successfully reloaded assembly
[Package Manager] Server::EnsureServerProcessIsRunning -- launch failed, reason: Unity was launched with the -noUpm command-line argument
[Package Manager] UpmClient::Send -- Unable to send message (not connected to UPM process).
[Package Manager] Cannot connect to Unity Package Manager local server
- Finished resetting the current domain, in  9.236 seconds
Domain Reload Profiling: 11173ms
	BeginReloadAssembly (529ms)
		ExecutionOrderSort (0ms)
		DisableScriptedObjects (18ms)
		BackupInstance (0ms)
		ReleaseScriptingObjects (0ms)
		CreateAndSetChildDomain (162ms)
	RebuildCommonClasses (97ms)
	RebuildNativeTypeToScriptingClass (33ms)
	initialDomainReloadingComplete (81ms)
	LoadAllAssembliesAndSetupDomain (1188ms)
		LoadAssemblies (1347ms)
		RebuildTransferFunctionScriptingTraits (0ms)
		AnalyzeDomain (108ms)
			TypeCache.Refresh (52ms)
				TypeCache.ScanAssembly (0ms)
			ScanForSourceGeneratedMonoScriptInfo (0ms)
			ResolveRequiredComponents (46ms)
	FinalizeReload (9245ms)
		ReleaseScriptCaches (0ms)
		RebuildScriptCaches (0ms)
		SetupLoadedEditorAssemblies (2826ms)
			LogAssemblyErrors (0ms)
			InitializePlatformSupportModulesInManaged (140ms)
			SetLoadedEditorAssemblies (32ms)
			RefreshPlugins (0ms)
			BeforeProcessingInitializeOnLoad (483ms)
			ProcessInitializeOnLoadAttributes (1965ms)
			ProcessInitializeOnLoadMethodAttributes (176ms)
			AfterProcessingInitializeOnLoad (30ms)
			EditorAssembliesLoaded (1ms)
		ExecutionOrderSort2 (0ms)
		AwakeInstancesAfterBackupRestoration (53ms)
Refreshing native plugins compatible for Editor in 27.02 ms, found 3 plugins.
Preloading 0 native plugins for Editor in 0.00 ms.
Unloading 3361 Unused Serialized files (Serialized files now loaded: 0)
Unloading 15 unused Assets / (28.5 KB). Loaded Objects now: 3859.
Memory consumption went from 123.3 MB to 123.2 MB.
Total: 18.402400 ms (FindLiveObjects: 0.918700 ms CreateObjectMapping: 0.701700 ms MarkObjects: 16.553700 ms  DeleteObjects: 0.223600 ms)

Prepare: number of updated asset objects reloaded= 0
AssetImportParameters requested are different than current active one (requested -> active):
  custom:container-demuxer-ogg: 62fdf1f143b41e24485cea50d1cbac27 -> 
  custom:video-decoder-ogg-theora: a1e56fd34408186e4bbccfd4996cb3dc -> 
  custom:framework-win-MediaFoundation: 216162199b28c13a410421893ffa2e32 -> 
  custom:CustomObjectIndexerAttribute: 9a22284fe3817be447336de3de66b15e -> 
  custom:container-demuxer-webm: 4f35f7cbe854078d1ac9338744f61a02 -> 
  custom:container-muxer-webm: aa71ff27fc2769a1b78a27578f13a17b -> 
  custom:video-decoder-webm-vp8: 9c59270c3fd7afecdb556c50c9e8de78 -> 
  custom:SearchIndexIgnoredProperties: e643bd26f0fe6173181afceb89e7c659 -> 
  custom:AudioImporter_EditorPlatform: d09bf68614088b80899f8185d706f6e7 -> 
  custom:video-encoder-webm-vp8: eb34c28f22e8b96e1ab97ce403110664 -> 
  custom:audio-decoder-ogg-vorbis: bf7c407c2cedff20999df2af8eb42d56 -> 
  custom:audio-encoder-webm-vorbis: bf7c407c2cedff20999df2af8eb42d56 -> 
  custom:scripting/precompiled-assembly-types:Assembly-CSharp: 41c991b8ce6e37561ad2fb263461f093 -> a9b6643ebb9e677ed2e0025dcc569a5e
========================================================================
Received Import Request.
  Time since last request: 876.946106 seconds.
  path: Assets/GameLogic.cs
  artifactKey: Guid(4dadac08d62dc407685c2973b9a07c1e) Importer(815301076,1909f56bfc062723c751e8b465ee728b)
Start importing Assets/GameLogic.cs using Guid(4dadac08d62dc407685c2973b9a07c1e) Importer(815301076,1909f56bfc062723c751e8b465ee728b) [PhysX] Initialized MultithreadedTaskDispatcher with 8 workers.
 -> (artifact id: 'f284234682599babcd9e43646df5525f') in 0.011367 seconds
Number of updated asset objects reloaded before import = 0
Number of asset objects unloaded after import = 0
========================================================================
Received Prepare
Caller must complete domain reload
Begin MonoManager ReloadAssembly
- Loaded All Assemblies, in  1.432 seconds
Native extension for WindowsStandalone target not found
Native extension for Android target not found
[Package Manager] Server::EnsureServerProcessIsRunning -- launch failed, reason: Unity was launched with the -noUpm command-line argument
[Package Manager] UpmClient::Send -- Unable to send message (not connected to UPM process).
[Package Manager] Cannot connect to Unity Package Manager local server
Mono: successfully reloaded assembly
[Package Manager] Server::EnsureServerProcessIsRunning -- launch failed, reason: Unity was launched with the -noUpm command-line argument
[Package Manager] UpmClient::Send -- Unable to send message (not connected to UPM process).
[Package Manager] Cannot connect to Unity Package Manager local server
- Finished resetting the current domain, in  5.741 seconds
Domain Reload Profiling: 7168ms
	BeginReloadAssembly (485ms)
		ExecutionOrderSort (39ms)
		DisableScriptedObjects (24ms)
		BackupInstance (0ms)
		ReleaseScriptingObjects (0ms)
		CreateAndSetChildDomain (82ms)
	RebuildCommonClasses (105ms)
	RebuildNativeTypeToScriptingClass (32ms)
	initialDomainReloadingComplete (81ms)
	LoadAllAssembliesAndSetupDomain (722ms)
		LoadAssemblies (934ms)
		RebuildTransferFunctionScriptingTraits (0ms)
		AnalyzeDomain (56ms)
			TypeCache.Refresh (19ms)
				TypeCache.ScanAssembly (1ms)
			ScanForSourceGeneratedMonoScriptInfo (19ms)
			ResolveRequiredComponents (13ms)
	FinalizeReload (5743ms)
		ReleaseScriptCaches (0ms)
		RebuildScriptCaches (0ms)
		SetupLoadedEditorAssemblies (2173ms)
			LogAssemblyErrors (0ms)
			InitializePlatformSupportModulesInManaged (82ms)
			SetLoadedEditorAssemblies (25ms)
			RefreshPlugins (0ms)
			BeforeProcessingInitializeOnLoad (255ms)
			ProcessInitializeOnLoadAttributes (1649ms)
			ProcessInitializeOnLoadMethodAttributes (123ms)
			AfterProcessingInitializeOnLoad (39ms)
			EditorAssembliesLoaded (1ms)
		ExecutionOrderSort2 (0ms)
		AwakeInstancesAfterBackupRestoration (35ms)
Refreshing native plugins compatible for Editor in 10.85 ms, found 3 plugins.
Preloading 0 native plugins for Editor in 0.00 ms.
Unloading 3360 Unused Serialized files (Serialized files now loaded: 0)
Unloading 15 unused Assets / (28.4 KB). Loaded Objects now: 3863.
Memory consumption went from 123.0 MB to 123.0 MB.
Total: 15.656000 ms (FindLiveObjects: 0.581600 ms CreateObjectMapping: 0.322500 ms MarkObjects: 14.674900 ms  DeleteObjects: 0.075300 ms)

Prepare: number of updated asset objects reloaded= 0
AssetImportParameters requested are different than current active one (requested -> active):
  custom:container-demuxer-ogg: 62fdf1f143b41e24485cea50d1cbac27 -> 
  custom:video-decoder-ogg-theora: a1e56fd34408186e4bbccfd4996cb3dc -> 
  custom:framework-win-MediaFoundation: 216162199b28c13a410421893ffa2e32 -> 
  custom:CustomObjectIndexerAttribute: 9a22284fe3817be447336de3de66b15e -> 
  custom:container-demuxer-webm: 4f35f7cbe854078d1ac9338744f61a02 -> 
  custom:container-muxer-webm: aa71ff27fc2769a1b78a27578f13a17b -> 
  custom:video-decoder-webm-vp8: 9c59270c3fd7afecdb556c50c9e8de78 -> 
  custom:SearchIndexIgnoredProperties: e643bd26f0fe6173181afceb89e7c659 -> 
  custom:AudioImporter_EditorPlatform: d09bf68614088b80899f8185d706f6e7 -> 
  custom:video-encoder-webm-vp8: eb34c28f22e8b96e1ab97ce403110664 -> 
  custom:audio-decoder-ogg-vorbis: bf7c407c2cedff20999df2af8eb42d56 -> 
  custom:audio-encoder-webm-vorbis: bf7c407c2cedff20999df2af8eb42d56 -> 
  custom:scripting/precompiled-assembly-types:Assembly-CSharp: 41c991b8ce6e37561ad2fb263461f093 -> a9b6643ebb9e677ed2e0025dcc569a5e
========================================================================
Received Prepare
Caller must complete domain reload
Begin MonoManager ReloadAssembly
- Loaded All Assemblies, in  0.967 seconds
Native extension for WindowsStandalone target not found
Native extension for Android target not found
[Package Manager] Server::EnsureServerProcessIsRunning -- launch failed, reason: Unity was launched with the -noUpm command-line argument
[Package Manager] UpmClient::Send -- Unable to send message (not connected to UPM process).
[Package Manager] Cannot connect to Unity Package Manager local server
Mono: successfully reloaded assembly
[Package Manager] Server::EnsureServerProcessIsRunning -- launch failed, reason: Unity was launched with the -noUpm command-line argument
[Package Manager] UpmClient::Send -- Unable to send message (not connected to UPM process).
[Package Manager] Cannot connect to Unity Package Manager local server
- Finished resetting the current domain, in  5.142 seconds
Domain Reload Profiling: 6105ms
	BeginReloadAssembly (329ms)
		ExecutionOrderSort (0ms)
		DisableScriptedObjects (51ms)
		BackupInstance (0ms)
		ReleaseScriptingObjects (0ms)
		CreateAndSetChildDomain (50ms)
	RebuildCommonClasses (70ms)
	RebuildNativeTypeToScriptingClass (21ms)
	initialDomainReloadingComplete (59ms)
	LoadAllAssembliesAndSetupDomain (480ms)
		LoadAssemblies (631ms)
		RebuildTransferFunctionScriptingTraits (0ms)
		AnalyzeDomain (25ms)
			TypeCache.Refresh (9ms)
				TypeCache.ScanAssembly (0ms)
			ScanForSourceGeneratedMonoScriptInfo (0ms)
			ResolveRequiredComponents (13ms)
	FinalizeReload (5146ms)
		ReleaseScriptCaches (0ms)
		RebuildScriptCaches (0ms)
		SetupLoadedEditorAssemblies (3188ms)
			LogAssemblyErrors (0ms)
			InitializePlatformSupportModulesInManaged (159ms)
			SetLoadedEditorAssemblies (33ms)
			RefreshPlugins (0ms)
			BeforeProcessingInitializeOnLoad (455ms)
			ProcessInitializeOnLoadAttributes (2262ms)
			ProcessInitializeOnLoadMethodAttributes (234ms)
			AfterProcessingInitializeOnLoad (43ms)
			EditorAssembliesLoaded (2ms)
		ExecutionOrderSort2 (0ms)
		AwakeInstancesAfterBackupRestoration (60ms)
Refreshing native plugins compatible for Editor in 31.04 ms, found 3 plugins.
Preloading 0 native plugins for Editor in 0.00 ms.
Unloading 3361 Unused Serialized files (Serialized files now loaded: 0)
Unloading 15 unused Assets / (28.5 KB). Loaded Objects now: 3867.
Memory consumption went from 123.3 MB to 123.2 MB.
Total: 21.818500 ms (FindLiveObjects: 0.809400 ms CreateObjectMapping: 0.754400 ms MarkObjects: 20.124700 ms  DeleteObjects: 0.124600 ms)

Prepare: number of updated asset objects reloaded= 0
AssetImportParameters requested are different than current active one (requested -> active):
  custom:container-demuxer-ogg: 62fdf1f143b41e24485cea50d1cbac27 -> 
  custom:video-decoder-ogg-theora: a1e56fd34408186e4bbccfd4996cb3dc -> 
  custom:framework-win-MediaFoundation: 216162199b28c13a410421893ffa2e32 -> 
  custom:CustomObjectIndexerAttribute: 9a22284fe3817be447336de3de66b15e -> 
  custom:container-demuxer-webm: 4f35f7cbe854078d1ac9338744f61a02 -> 
  custom:container-muxer-webm: aa71ff27fc2769a1b78a27578f13a17b -> 
  custom:video-decoder-webm-vp8: 9c59270c3fd7afecdb556c50c9e8de78 -> 
  custom:SearchIndexIgnoredProperties: e643bd26f0fe6173181afceb89e7c659 -> 
  custom:AudioImporter_EditorPlatform: d09bf68614088b80899f8185d706f6e7 -> 
  custom:video-encoder-webm-vp8: eb34c28f22e8b96e1ab97ce403110664 -> 
  custom:audio-decoder-ogg-vorbis: bf7c407c2cedff20999df2af8eb42d56 -> 
  custom:audio-encoder-webm-vorbis: bf7c407c2cedff20999df2af8eb42d56 -> 
  custom:scripting/precompiled-assembly-types:Assembly-CSharp: 41c991b8ce6e37561ad2fb263461f093 -> a9b6643ebb9e677ed2e0025dcc569a5e
========================================================================
Received Prepare
Caller must complete domain reload
Begin MonoManager ReloadAssembly
- Loaded All Assemblies, in  1.166 seconds
Native extension for WindowsStandalone target not found
Native extension for Android target not found
[Package Manager] Server::EnsureServerProcessIsRunning -- launch failed, reason: Unity was launched with the -noUpm command-line argument
[Package Manager] UpmClient::Send -- Unable to send message (not connected to UPM process).
[Package Manager] Cannot connect to Unity Package Manager local server
Mono: successfully reloaded assembly
[Package Manager] Server::EnsureServerProcessIsRunning -- launch failed, reason: Unity was launched with the -noUpm command-line argument
[Package Manager] UpmClient::Send -- Unable to send message (not connected to UPM process).
[Package Manager] Cannot connect to Unity Package Manager local server
- Finished resetting the current domain, in  4.966 seconds
Domain Reload Profiling: 6127ms
	BeginReloadAssembly (330ms)
		ExecutionOrderSort (0ms)
		DisableScriptedObjects (11ms)
		BackupInstance (0ms)
		ReleaseScriptingObjects (0ms)
		CreateAndSetChildDomain (85ms)
	RebuildCommonClasses (72ms)
	RebuildNativeTypeToScriptingClass (21ms)
	initialDomainReloadingComplete (61ms)
	LoadAllAssembliesAndSetupDomain (673ms)
		LoadAssemblies (801ms)
		RebuildTransferFunctionScriptingTraits (0ms)
		AnalyzeDomain (50ms)
			TypeCache.Refresh (15ms)
				TypeCache.ScanAssembly (0ms)
			ScanForSourceGeneratedMonoScriptInfo (1ms)
			ResolveRequiredComponents (29ms)
	FinalizeReload (4970ms)
		ReleaseScriptCaches (0ms)
		RebuildScriptCaches (0ms)
		SetupLoadedEditorAssemblies (3000ms)
			LogAssemblyErrors (0ms)
			InitializePlatformSupportModulesInManaged (133ms)
			SetLoadedEditorAssemblies (38ms)
			RefreshPlugins (0ms)
			BeforeProcessingInitializeOnLoad (469ms)
			ProcessInitializeOnLoadAttributes (2117ms)
			ProcessInitializeOnLoadMethodAttributes (199ms)
			AfterProcessingInitializeOnLoad (44ms)
			EditorAssembliesLoaded (1ms)
		ExecutionOrderSort2 (0ms)
		AwakeInstancesAfterBackupRestoration (64ms)
Refreshing native plugins compatible for Editor in 34.28 ms, found 3 plugins.
Preloading 0 native plugins for Editor in 0.00 ms.
Unloading 3361 Unused Serialized files (Serialized files now loaded: 0)
Unloading 15 unused Assets / (28.5 KB). Loaded Objects now: 3871.
Memory consumption went from 123.3 MB to 123.2 MB.
Total: 43.308500 ms (FindLiveObjects: 0.853700 ms CreateObjectMapping: 0.900200 ms MarkObjects: 41.152700 ms  DeleteObjects: 0.397700 ms)

Prepare: number of updated asset objects reloaded= 0
AssetImportParameters requested are different than current active one (requested -> active):
  custom:container-demuxer-ogg: 62fdf1f143b41e24485cea50d1cbac27 -> 
  custom:video-decoder-ogg-theora: a1e56fd34408186e4bbccfd4996cb3dc -> 
  custom:framework-win-MediaFoundation: 216162199b28c13a410421893ffa2e32 -> 
  custom:CustomObjectIndexerAttribute: 9a22284fe3817be447336de3de66b15e -> 
  custom:container-demuxer-webm: 4f35f7cbe854078d1ac9338744f61a02 -> 
  custom:container-muxer-webm: aa71ff27fc2769a1b78a27578f13a17b -> 
  custom:video-decoder-webm-vp8: 9c59270c3fd7afecdb556c50c9e8de78 -> 
  custom:SearchIndexIgnoredProperties: e643bd26f0fe6173181afceb89e7c659 -> 
  custom:AudioImporter_EditorPlatform: d09bf68614088b80899f8185d706f6e7 -> 
  custom:video-encoder-webm-vp8: eb34c28f22e8b96e1ab97ce403110664 -> 
  custom:audio-decoder-ogg-vorbis: bf7c407c2cedff20999df2af8eb42d56 -> 
  custom:audio-encoder-webm-vorbis: bf7c407c2cedff20999df2af8eb42d56 -> 
  custom:scripting/precompiled-assembly-types:Assembly-CSharp: 41c991b8ce6e37561ad2fb263461f093 -> a9b6643ebb9e677ed2e0025dcc569a5e
========================================================================
Received Import Request.
  Time since last request: 220.780404 seconds.
  path: Assets/Prefabs/shapes/animal (6) 1 1.prefab
  artifactKey: Guid(0e1620e7b943f1e4c856aaa4f74f84c7) Importer(815301076,1909f56bfc062723c751e8b465ee728b)
Start importing Assets/Prefabs/shapes/animal (6) 1 1.prefab using Guid(0e1620e7b943f1e4c856aaa4f74f84c7) Importer(815301076,1909f56bfc062723c751e8b465ee728b) [PhysX] Initialized MultithreadedTaskDispatcher with 8 workers.
[PhysX] Initialized MultithreadedTaskDispatcher with 8 workers.
 -> (artifact id: 'a6f1eab45d43296c56d12d30da343d3b') in 0.409356 seconds
Number of updated asset objects reloaded before import = 0
Number of asset objects unloaded after import = 7
========================================================================
Received Import Request.
  Time since last request: 34.294554 seconds.
  path: Assets/Prefabs/shapes/musical_instruments (5).prefab
  artifactKey: Guid(328548b6b95ea194a89bba2d991abefb) Importer(815301076,1909f56bfc062723c751e8b465ee728b)
Start importing Assets/Prefabs/shapes/musical_instruments (5).prefab using Guid(328548b6b95ea194a89bba2d991abefb) Importer(815301076,1909f56bfc062723c751e8b465ee728b) [PhysX] Initialized MultithreadedTaskDispatcher with 8 workers.
[PhysX] Initialized MultithreadedTaskDispatcher with 8 workers.
 -> (artifact id: '4857fb3319d378e434d9f110a33ac2fe') in 0.069175 seconds
Number of updated asset objects reloaded before import = 0
Number of asset objects unloaded after import = 7
========================================================================
Received Import Request.
  Time since last request: 3.063941 seconds.
  path: Assets/Prefabs/shapes/musical_instruments (5).prefab
  artifactKey: Guid(328548b6b95ea194a89bba2d991abefb) Importer(815301076,1909f56bfc062723c751e8b465ee728b)
Start importing Assets/Prefabs/shapes/musical_instruments (5).prefab using Guid(328548b6b95ea194a89bba2d991abefb) Importer(815301076,1909f56bfc062723c751e8b465ee728b) [PhysX] Initialized MultithreadedTaskDispatcher with 8 workers.
[PhysX] Initialized MultithreadedTaskDispatcher with 8 workers.
 -> (artifact id: 'de8ee76e73da0e9f9fd154e4120b607f') in 0.059005 seconds
Number of updated asset objects reloaded before import = 0
Number of asset objects unloaded after import = 7
========================================================================
Received Import Request.
  Time since last request: 33.507712 seconds.
  path: Assets/Prefabs/shapes/animal (5) 3.prefab
  artifactKey: Guid(569461d8b90f2c549b692b1cc5daade1) Importer(815301076,1909f56bfc062723c751e8b465ee728b)
Start importing Assets/Prefabs/shapes/animal (5) 3.prefab using Guid(569461d8b90f2c549b692b1cc5daade1) Importer(815301076,1909f56bfc062723c751e8b465ee728b) [PhysX] Initialized MultithreadedTaskDispatcher with 8 workers.
[PhysX] Initialized MultithreadedTaskDispatcher with 8 workers.
 -> (artifact id: '7074f377812c2fba00750d6905aacbe3') in 0.100211 seconds
Number of updated asset objects reloaded before import = 0
Number of asset objects unloaded after import = 7
========================================================================
Received Import Request.
  Time since last request: 1.886021 seconds.
  path: Assets/Prefabs/shapes/animal (5) 3.prefab
  artifactKey: Guid(569461d8b90f2c549b692b1cc5daade1) Importer(815301076,1909f56bfc062723c751e8b465ee728b)
Start importing Assets/Prefabs/shapes/animal (5) 3.prefab using Guid(569461d8b90f2c549b692b1cc5daade1) Importer(815301076,1909f56bfc062723c751e8b465ee728b) [PhysX] Initialized MultithreadedTaskDispatcher with 8 workers.
[PhysX] Initialized MultithreadedTaskDispatcher with 8 workers.
 -> (artifact id: 'efe71f4564443068c97985c7c280a668') in 0.043780 seconds
Number of updated asset objects reloaded before import = 0
Number of asset objects unloaded after import = 7
========================================================================
Received Import Request.
  Time since last request: 3.665360 seconds.
  path: Assets/Prefabs/shapes/animal (5) 3.prefab
  artifactKey: Guid(569461d8b90f2c549b692b1cc5daade1) Importer(815301076,1909f56bfc062723c751e8b465ee728b)
Start importing Assets/Prefabs/shapes/animal (5) 3.prefab using Guid(569461d8b90f2c549b692b1cc5daade1) Importer(815301076,1909f56bfc062723c751e8b465ee728b) [PhysX] Initialized MultithreadedTaskDispatcher with 8 workers.
[PhysX] Initialized MultithreadedTaskDispatcher with 8 workers.
 -> (artifact id: '8aa91bc78300a298ded529a1f5544c9b') in 0.044747 seconds
Number of updated asset objects reloaded before import = 0
Number of asset objects unloaded after import = 7
========================================================================
Received Import Request.
  Time since last request: 20.940002 seconds.
  path: Assets/Prefabs/shapes/animal (6) 1 1.prefab
  artifactKey: Guid(0e1620e7b943f1e4c856aaa4f74f84c7) Importer(815301076,1909f56bfc062723c751e8b465ee728b)
Start importing Assets/Prefabs/shapes/animal (6) 1 1.prefab using Guid(0e1620e7b943f1e4c856aaa4f74f84c7) Importer(815301076,1909f56bfc062723c751e8b465ee728b) [PhysX] Initialized MultithreadedTaskDispatcher with 8 workers.
[PhysX] Initialized MultithreadedTaskDispatcher with 8 workers.
 -> (artifact id: '277adacd75f28c7a4cf405260dd0588c') in 0.073401 seconds
Number of updated asset objects reloaded before import = 0
Number of asset objects unloaded after import = 7
========================================================================
Received Import Request.
  Time since last request: 3.291618 seconds.
  path: Assets/Prefabs/shapes/animal (6) 1 1.prefab
  artifactKey: Guid(0e1620e7b943f1e4c856aaa4f74f84c7) Importer(815301076,1909f56bfc062723c751e8b465ee728b)
Start importing Assets/Prefabs/shapes/animal (6) 1 1.prefab using Guid(0e1620e7b943f1e4c856aaa4f74f84c7) Importer(815301076,1909f56bfc062723c751e8b465ee728b) [PhysX] Initialized MultithreadedTaskDispatcher with 8 workers.
[PhysX] Initialized MultithreadedTaskDispatcher with 8 workers.
 -> (artifact id: 'acc802d659e1be51e5389c0bd8432613') in 0.066059 seconds
Number of updated asset objects reloaded before import = 0
Number of asset objects unloaded after import = 7
========================================================================
Received Import Request.
  Time since last request: 6.820655 seconds.
  path: Assets/Prefabs/shapes/animal (6) 1 1.prefab
  artifactKey: Guid(0e1620e7b943f1e4c856aaa4f74f84c7) Importer(815301076,1909f56bfc062723c751e8b465ee728b)
Start importing Assets/Prefabs/shapes/animal (6) 1 1.prefab using Guid(0e1620e7b943f1e4c856aaa4f74f84c7) Importer(815301076,1909f56bfc062723c751e8b465ee728b) [PhysX] Initialized MultithreadedTaskDispatcher with 8 workers.
[PhysX] Initialized MultithreadedTaskDispatcher with 8 workers.
 -> (artifact id: 'bc4c5b446cdaa5c9c7d4ce650211e131') in 0.065077 seconds
Number of updated asset objects reloaded before import = 0
Number of asset objects unloaded after import = 7
========================================================================
Received Import Request.
  Time since last request: 1.770693 seconds.
  path: Assets/Prefabs/shapes/animal (6) 1 1.prefab
  artifactKey: Guid(0e1620e7b943f1e4c856aaa4f74f84c7) Importer(815301076,1909f56bfc062723c751e8b465ee728b)
Start importing Assets/Prefabs/shapes/animal (6) 1 1.prefab using Guid(0e1620e7b943f1e4c856aaa4f74f84c7) Importer(815301076,1909f56bfc062723c751e8b465ee728b) [PhysX] Initialized MultithreadedTaskDispatcher with 8 workers.
[PhysX] Initialized MultithreadedTaskDispatcher with 8 workers.
 -> (artifact id: 'b7c321afcc9b141bc905a5c14a72a63e') in 0.061547 seconds
Number of updated asset objects reloaded before import = 0
Number of asset objects unloaded after import = 7
========================================================================
Received Import Request.
  Time since last request: 27.260174 seconds.
  path: Assets/Prefabs/shapes/fruits (3) 1.prefab
  artifactKey: Guid(6ef38738b1d887c4e95c13197e9b0a17) Importer(815301076,1909f56bfc062723c751e8b465ee728b)
Start importing Assets/Prefabs/shapes/fruits (3) 1.prefab using Guid(6ef38738b1d887c4e95c13197e9b0a17) Importer(815301076,1909f56bfc062723c751e8b465ee728b) [PhysX] Initialized MultithreadedTaskDispatcher with 8 workers.
[PhysX] Initialized MultithreadedTaskDispatcher with 8 workers.
 -> (artifact id: 'c6029c641810538c5cdc2730cd89aac8') in 0.051138 seconds
Number of updated asset objects reloaded before import = 0
Number of asset objects unloaded after import = 7
========================================================================
Received Import Request.
  Time since last request: 4.108887 seconds.
  path: Assets/Prefabs/shapes/fruits (3) 1.prefab
  artifactKey: Guid(6ef38738b1d887c4e95c13197e9b0a17) Importer(815301076,1909f56bfc062723c751e8b465ee728b)
Start importing Assets/Prefabs/shapes/fruits (3) 1.prefab using Guid(6ef38738b1d887c4e95c13197e9b0a17) Importer(815301076,1909f56bfc062723c751e8b465ee728b) [PhysX] Initialized MultithreadedTaskDispatcher with 8 workers.
[PhysX] Initialized MultithreadedTaskDispatcher with 8 workers.
 -> (artifact id: '893ca670b615b0ab48ad176cd5cc99ae') in 0.040996 seconds
Number of updated asset objects reloaded before import = 0
Number of asset objects unloaded after import = 7
========================================================================
Received Import Request.
  Time since last request: 4.245511 seconds.
  path: Assets/Prefabs/shapes/fruits (5).prefab
  artifactKey: Guid(dc09ade1099ccd647a893d8b4f43ef10) Importer(815301076,1909f56bfc062723c751e8b465ee728b)
Start importing Assets/Prefabs/shapes/fruits (5).prefab using Guid(dc09ade1099ccd647a893d8b4f43ef10) Importer(815301076,1909f56bfc062723c751e8b465ee728b) [PhysX] Initialized MultithreadedTaskDispatcher with 8 workers.
[PhysX] Initialized MultithreadedTaskDispatcher with 8 workers.
 -> (artifact id: '2b31837078c8956264781245aef928fe') in 0.043029 seconds
Number of updated asset objects reloaded before import = 0
Number of asset objects unloaded after import = 7
========================================================================
Received Import Request.
  Time since last request: 1.611240 seconds.
  path: Assets/Prefabs/shapes/fruits (5).prefab
  artifactKey: Guid(dc09ade1099ccd647a893d8b4f43ef10) Importer(815301076,1909f56bfc062723c751e8b465ee728b)
Start importing Assets/Prefabs/shapes/fruits (5).prefab using Guid(dc09ade1099ccd647a893d8b4f43ef10) Importer(815301076,1909f56bfc062723c751e8b465ee728b) [PhysX] Initialized MultithreadedTaskDispatcher with 8 workers.
[PhysX] Initialized MultithreadedTaskDispatcher with 8 workers.
 -> (artifact id: '189a8e466c5db279da75b3c09ed00277') in 0.052074 seconds
Number of updated asset objects reloaded before import = 0
Number of asset objects unloaded after import = 7
========================================================================
Received Import Request.
  Time since last request: 6.437343 seconds.
  path: Assets/Prefabs/shapes/animal (4) 2 1.prefab
  artifactKey: Guid(e904354c8f55fc84ab193dfce42259b9) Importer(815301076,1909f56bfc062723c751e8b465ee728b)
Start importing Assets/Prefabs/shapes/animal (4) 2 1.prefab using Guid(e904354c8f55fc84ab193dfce42259b9) Importer(815301076,1909f56bfc062723c751e8b465ee728b) [PhysX] Initialized MultithreadedTaskDispatcher with 8 workers.
[PhysX] Initialized MultithreadedTaskDispatcher with 8 workers.
 -> (artifact id: '1acf171a41eefdf31cb5f800d276d2ad') in 0.054338 seconds
Number of updated asset objects reloaded before import = 0
Number of asset objects unloaded after import = 7
========================================================================
Received Import Request.
  Time since last request: 1.890747 seconds.
  path: Assets/Prefabs/shapes/animal (4) 2 1.prefab
  artifactKey: Guid(e904354c8f55fc84ab193dfce42259b9) Importer(815301076,1909f56bfc062723c751e8b465ee728b)
Start importing Assets/Prefabs/shapes/animal (4) 2 1.prefab using Guid(e904354c8f55fc84ab193dfce42259b9) Importer(815301076,1909f56bfc062723c751e8b465ee728b) [PhysX] Initialized MultithreadedTaskDispatcher with 8 workers.
[PhysX] Initialized MultithreadedTaskDispatcher with 8 workers.
 -> (artifact id: 'e717a24c7afc99259d605aff6c6fe995') in 0.056337 seconds
Number of updated asset objects reloaded before import = 0
Number of asset objects unloaded after import = 7
========================================================================
Received Import Request.
  Time since last request: 7.814902 seconds.
  path: Assets/Prefabs/shapes/animal (4) 2 1.prefab
  artifactKey: Guid(e904354c8f55fc84ab193dfce42259b9) Importer(815301076,1909f56bfc062723c751e8b465ee728b)
Start importing Assets/Prefabs/shapes/animal (4) 2 1.prefab using Guid(e904354c8f55fc84ab193dfce42259b9) Importer(815301076,1909f56bfc062723c751e8b465ee728b) [PhysX] Initialized MultithreadedTaskDispatcher with 8 workers.
[PhysX] Initialized MultithreadedTaskDispatcher with 8 workers.
 -> (artifact id: '16b8db09f7a3152dad393beda33f733c') in 0.054891 seconds
Number of updated asset objects reloaded before import = 0
Number of asset objects unloaded after import = 7
========================================================================
Received Import Request.
  Time since last request: 6.677884 seconds.
  path: Assets/Prefabs/shapes/animal (4) 2 1.prefab
  artifactKey: Guid(e904354c8f55fc84ab193dfce42259b9) Importer(815301076,1909f56bfc062723c751e8b465ee728b)
Start importing Assets/Prefabs/shapes/animal (4) 2 1.prefab using Guid(e904354c8f55fc84ab193dfce42259b9) Importer(815301076,1909f56bfc062723c751e8b465ee728b) [PhysX] Initialized MultithreadedTaskDispatcher with 8 workers.
[PhysX] Initialized MultithreadedTaskDispatcher with 8 workers.
 -> (artifact id: '9414f4e26bc17eca5d2de02ec54cae3c') in 0.030446 seconds
Number of updated asset objects reloaded before import = 0
Number of asset objects unloaded after import = 7
========================================================================
Received Import Request.
  Time since last request: 4.174186 seconds.
  path: Assets/Prefabs/shapes/musical_instruments (2).prefab
  artifactKey: Guid(67ee8094dfb61c34287ba3bb783c0e3c) Importer(815301076,1909f56bfc062723c751e8b465ee728b)
Start importing Assets/Prefabs/shapes/musical_instruments (2).prefab using Guid(67ee8094dfb61c34287ba3bb783c0e3c) Importer(815301076,1909f56bfc062723c751e8b465ee728b) [PhysX] Initialized MultithreadedTaskDispatcher with 8 workers.
[PhysX] Initialized MultithreadedTaskDispatcher with 8 workers.
 -> (artifact id: '02e8966343726576349f87d77182acdd') in 0.052296 seconds
Number of updated asset objects reloaded before import = 0
Number of asset objects unloaded after import = 7
========================================================================
Received Import Request.
  Time since last request: 1.916057 seconds.
  path: Assets/Prefabs/shapes/musical_instruments (2).prefab
  artifactKey: Guid(67ee8094dfb61c34287ba3bb783c0e3c) Importer(815301076,1909f56bfc062723c751e8b465ee728b)
Start importing Assets/Prefabs/shapes/musical_instruments (2).prefab using Guid(67ee8094dfb61c34287ba3bb783c0e3c) Importer(815301076,1909f56bfc062723c751e8b465ee728b) [PhysX] Initialized MultithreadedTaskDispatcher with 8 workers.
[PhysX] Initialized MultithreadedTaskDispatcher with 8 workers.
 -> (artifact id: 'e6aad7add7b782fc952114d8357ba385') in 0.060406 seconds
Number of updated asset objects reloaded before import = 0
Number of asset objects unloaded after import = 7
========================================================================
Received Import Request.
  Time since last request: 3.822751 seconds.
  path: Assets/Prefabs/shapes/musical_instruments (1).prefab
  artifactKey: Guid(bca22cbdfbf0fed46b7c9db289caeeaf) Importer(815301076,1909f56bfc062723c751e8b465ee728b)
Start importing Assets/Prefabs/shapes/musical_instruments (1).prefab using Guid(bca22cbdfbf0fed46b7c9db289caeeaf) Importer(815301076,1909f56bfc062723c751e8b465ee728b) [PhysX] Initialized MultithreadedTaskDispatcher with 8 workers.
[PhysX] Initialized MultithreadedTaskDispatcher with 8 workers.
 -> (artifact id: '2ee79bdc2e465153626d0520dd676a0a') in 0.065275 seconds
Number of updated asset objects reloaded before import = 0
Number of asset objects unloaded after import = 7
========================================================================
Received Import Request.
  Time since last request: 6.337225 seconds.
  path: Assets/Prefabs/shapes/musical_instruments (1).prefab
  artifactKey: Guid(bca22cbdfbf0fed46b7c9db289caeeaf) Importer(815301076,1909f56bfc062723c751e8b465ee728b)
Start importing Assets/Prefabs/shapes/musical_instruments (1).prefab using Guid(bca22cbdfbf0fed46b7c9db289caeeaf) Importer(815301076,1909f56bfc062723c751e8b465ee728b) [PhysX] Initialized MultithreadedTaskDispatcher with 8 workers.
[PhysX] Initialized MultithreadedTaskDispatcher with 8 workers.
 -> (artifact id: '9b42807a3262bc0a4da8eb5abd7ab213') in 0.049271 seconds
Number of updated asset objects reloaded before import = 0
Number of asset objects unloaded after import = 7
========================================================================
Received Import Request.
  Time since last request: 53.519106 seconds.
  path: Assets/Prefabs/shapes/animal (4) 2 1.prefab
  artifactKey: Guid(e904354c8f55fc84ab193dfce42259b9) Importer(815301076,1909f56bfc062723c751e8b465ee728b)
Start importing Assets/Prefabs/shapes/animal (4) 2 1.prefab using Guid(e904354c8f55fc84ab193dfce42259b9) Importer(815301076,1909f56bfc062723c751e8b465ee728b) [PhysX] Initialized MultithreadedTaskDispatcher with 8 workers.
[PhysX] Initialized MultithreadedTaskDispatcher with 8 workers.
 -> (artifact id: '22d3f4ae6455747bf61a86b767d19ca4') in 0.054223 seconds
Number of updated asset objects reloaded before import = 0
Number of asset objects unloaded after import = 7
========================================================================
Received Import Request.
  Time since last request: 4.117461 seconds.
  path: Assets/Prefabs/shapes/musical_instruments (2).prefab
  artifactKey: Guid(67ee8094dfb61c34287ba3bb783c0e3c) Importer(815301076,1909f56bfc062723c751e8b465ee728b)
Start importing Assets/Prefabs/shapes/musical_instruments (2).prefab using Guid(67ee8094dfb61c34287ba3bb783c0e3c) Importer(815301076,1909f56bfc062723c751e8b465ee728b) [PhysX] Initialized MultithreadedTaskDispatcher with 8 workers.
[PhysX] Initialized MultithreadedTaskDispatcher with 8 workers.
 -> (artifact id: '2248360fae1a476f0fe00cc45ef835ab') in 0.047122 seconds
Number of updated asset objects reloaded before import = 0
Number of asset objects unloaded after import = 7
========================================================================
Received Import Request.
  Time since last request: 3.313145 seconds.
  path: Assets/Prefabs/shapes/musical_instruments (2).prefab
  artifactKey: Guid(67ee8094dfb61c34287ba3bb783c0e3c) Importer(815301076,1909f56bfc062723c751e8b465ee728b)
Start importing Assets/Prefabs/shapes/musical_instruments (2).prefab using Guid(67ee8094dfb61c34287ba3bb783c0e3c) Importer(815301076,1909f56bfc062723c751e8b465ee728b) [PhysX] Initialized MultithreadedTaskDispatcher with 8 workers.
[PhysX] Initialized MultithreadedTaskDispatcher with 8 workers.
 -> (artifact id: '3259d5fcb2e1ed0fedb6b518f2666efc') in 0.062639 seconds
Number of updated asset objects reloaded before import = 0
Number of asset objects unloaded after import = 7
========================================================================
Received Import Request.
  Time since last request: 25.691177 seconds.
  path: Assets/Prefabs/shapes/fruits (3) 1.prefab
  artifactKey: Guid(6ef38738b1d887c4e95c13197e9b0a17) Importer(815301076,1909f56bfc062723c751e8b465ee728b)
Start importing Assets/Prefabs/shapes/fruits (3) 1.prefab using Guid(6ef38738b1d887c4e95c13197e9b0a17) Importer(815301076,1909f56bfc062723c751e8b465ee728b) [PhysX] Initialized MultithreadedTaskDispatcher with 8 workers.
[PhysX] Initialized MultithreadedTaskDispatcher with 8 workers.
 -> (artifact id: '67b79700510ccd5deb644e504153a2f5') in 0.042770 seconds
Number of updated asset objects reloaded before import = 0
Number of asset objects unloaded after import = 7
========================================================================
Received Import Request.
  Time since last request: 9.452500 seconds.
  path: Assets/Prefabs/shapes/fruits (5).prefab
  artifactKey: Guid(dc09ade1099ccd647a893d8b4f43ef10) Importer(815301076,1909f56bfc062723c751e8b465ee728b)
Start importing Assets/Prefabs/shapes/fruits (5).prefab using Guid(dc09ade1099ccd647a893d8b4f43ef10) Importer(815301076,1909f56bfc062723c751e8b465ee728b) [PhysX] Initialized MultithreadedTaskDispatcher with 8 workers.
[PhysX] Initialized MultithreadedTaskDispatcher with 8 workers.
 -> (artifact id: '8ccedc8cdf7080f528505020d89a382b') in 0.041778 seconds
Number of updated asset objects reloaded before import = 0
Number of asset objects unloaded after import = 7
========================================================================
Received Import Request.
  Time since last request: 3.588030 seconds.
  path: Assets/Prefabs/shapes/fruits (5).prefab
  artifactKey: Guid(dc09ade1099ccd647a893d8b4f43ef10) Importer(815301076,1909f56bfc062723c751e8b465ee728b)
Start importing Assets/Prefabs/shapes/fruits (5).prefab using Guid(dc09ade1099ccd647a893d8b4f43ef10) Importer(815301076,1909f56bfc062723c751e8b465ee728b) [PhysX] Initialized MultithreadedTaskDispatcher with 8 workers.
[PhysX] Initialized MultithreadedTaskDispatcher with 8 workers.
 -> (artifact id: '63f3a3e6ec90cb90277a529174099c84') in 0.037306 seconds
Number of updated asset objects reloaded before import = 0
Number of asset objects unloaded after import = 7
========================================================================
Received Import Request.
  Time since last request: 4.045506 seconds.
  path: Assets/Prefabs/shapes/fruits (5).prefab
  artifactKey: Guid(dc09ade1099ccd647a893d8b4f43ef10) Importer(815301076,1909f56bfc062723c751e8b465ee728b)
Start importing Assets/Prefabs/shapes/fruits (5).prefab using Guid(dc09ade1099ccd647a893d8b4f43ef10) Importer(815301076,1909f56bfc062723c751e8b465ee728b) [PhysX] Initialized MultithreadedTaskDispatcher with 8 workers.
[PhysX] Initialized MultithreadedTaskDispatcher with 8 workers.
 -> (artifact id: '15539bca355472436e5d0f7c9711356c') in 0.043755 seconds
Number of updated asset objects reloaded before import = 0
Number of asset objects unloaded after import = 7
========================================================================
Received Import Request.
  Time since last request: 6.084821 seconds.
  path: Assets/Prefabs/shapes/fruits (3) 1.prefab
  artifactKey: Guid(6ef38738b1d887c4e95c13197e9b0a17) Importer(815301076,1909f56bfc062723c751e8b465ee728b)
Start importing Assets/Prefabs/shapes/fruits (3) 1.prefab using Guid(6ef38738b1d887c4e95c13197e9b0a17) Importer(815301076,1909f56bfc062723c751e8b465ee728b) [PhysX] Initialized MultithreadedTaskDispatcher with 8 workers.
[PhysX] Initialized MultithreadedTaskDispatcher with 8 workers.
 -> (artifact id: 'a7fb5623c66f1989d18f7f6c1b2818ed') in 0.035703 seconds
Number of updated asset objects reloaded before import = 0
Number of asset objects unloaded after import = 7
========================================================================
Received Import Request.
  Time since last request: 20.345563 seconds.
  path: Assets/Prefabs/shapes/fruits (3) 1.prefab
  artifactKey: Guid(6ef38738b1d887c4e95c13197e9b0a17) Importer(815301076,1909f56bfc062723c751e8b465ee728b)
Start importing Assets/Prefabs/shapes/fruits (3) 1.prefab using Guid(6ef38738b1d887c4e95c13197e9b0a17) Importer(815301076,1909f56bfc062723c751e8b465ee728b) [PhysX] Initialized MultithreadedTaskDispatcher with 8 workers.
[PhysX] Initialized MultithreadedTaskDispatcher with 8 workers.
 -> (artifact id: '564052fcd9520c2177dffa478aadb26a') in 0.038062 seconds
Number of updated asset objects reloaded before import = 0
Number of asset objects unloaded after import = 7
========================================================================
Received Import Request.
  Time since last request: 17.660547 seconds.
  path: Assets/Prefabs/shapes/fruits (5).prefab
  artifactKey: Guid(dc09ade1099ccd647a893d8b4f43ef10) Importer(815301076,1909f56bfc062723c751e8b465ee728b)
Start importing Assets/Prefabs/shapes/fruits (5).prefab using Guid(dc09ade1099ccd647a893d8b4f43ef10) Importer(815301076,1909f56bfc062723c751e8b465ee728b) [PhysX] Initialized MultithreadedTaskDispatcher with 8 workers.
[PhysX] Initialized MultithreadedTaskDispatcher with 8 workers.
 -> (artifact id: 'c92a08f639e61cee47c128b91efb172c') in 0.042451 seconds
Number of updated asset objects reloaded before import = 0
Number of asset objects unloaded after import = 7
========================================================================
Received Import Request.
  Time since last request: 2.587406 seconds.
  path: Assets/Prefabs/shapes/fruits (5).prefab
  artifactKey: Guid(dc09ade1099ccd647a893d8b4f43ef10) Importer(815301076,1909f56bfc062723c751e8b465ee728b)
Start importing Assets/Prefabs/shapes/fruits (5).prefab using Guid(dc09ade1099ccd647a893d8b4f43ef10) Importer(815301076,1909f56bfc062723c751e8b465ee728b) [PhysX] Initialized MultithreadedTaskDispatcher with 8 workers.
[PhysX] Initialized MultithreadedTaskDispatcher with 8 workers.
 -> (artifact id: '3d0608209b4e24ff97630bfc7e293eb0') in 0.042943 seconds
Number of updated asset objects reloaded before import = 0
Number of asset objects unloaded after import = 7
========================================================================
Received Import Request.
  Time since last request: 19.794542 seconds.
  path: Assets/Prefabs/shapes/animal (7) 1 1.prefab
  artifactKey: Guid(7bd75b21b83329c42890969156dd8bf2) Importer(815301076,1909f56bfc062723c751e8b465ee728b)
Start importing Assets/Prefabs/shapes/animal (7) 1 1.prefab using Guid(7bd75b21b83329c42890969156dd8bf2) Importer(815301076,1909f56bfc062723c751e8b465ee728b) [PhysX] Initialized MultithreadedTaskDispatcher with 8 workers.
[PhysX] Initialized MultithreadedTaskDispatcher with 8 workers.
 -> (artifact id: '67ff1ca4d8984242256bd47a8e5ad034') in 0.086437 seconds
Number of updated asset objects reloaded before import = 0
Number of asset objects unloaded after import = 7
========================================================================
Received Import Request.
  Time since last request: 2.743181 seconds.
  path: Assets/Prefabs/shapes/animal (7) 1 1.prefab
  artifactKey: Guid(7bd75b21b83329c42890969156dd8bf2) Importer(815301076,1909f56bfc062723c751e8b465ee728b)
Start importing Assets/Prefabs/shapes/animal (7) 1 1.prefab using Guid(7bd75b21b83329c42890969156dd8bf2) Importer(815301076,1909f56bfc062723c751e8b465ee728b) [PhysX] Initialized MultithreadedTaskDispatcher with 8 workers.
[PhysX] Initialized MultithreadedTaskDispatcher with 8 workers.
 -> (artifact id: '955fef5fa486a3bc81ceaff299a1aae7') in 0.080963 seconds
Number of updated asset objects reloaded before import = 0
Number of asset objects unloaded after import = 7
========================================================================
Received Import Request.
  Time since last request: 6.979291 seconds.
  path: Assets/Prefabs/shapes/animal (7) 1 1.prefab
  artifactKey: Guid(7bd75b21b83329c42890969156dd8bf2) Importer(815301076,1909f56bfc062723c751e8b465ee728b)
Start importing Assets/Prefabs/shapes/animal (7) 1 1.prefab using Guid(7bd75b21b83329c42890969156dd8bf2) Importer(815301076,1909f56bfc062723c751e8b465ee728b) [PhysX] Initialized MultithreadedTaskDispatcher with 8 workers.
[PhysX] Initialized MultithreadedTaskDispatcher with 8 workers.
 -> (artifact id: '9f7eaf462a216ce9297fd4487e10b1e6') in 0.076097 seconds
Number of updated asset objects reloaded before import = 0
Number of asset objects unloaded after import = 7
========================================================================
Received Import Request.
  Time since last request: 2.400391 seconds.
  path: Assets/Prefabs/shapes/animal (7) 1 1.prefab
  artifactKey: Guid(7bd75b21b83329c42890969156dd8bf2) Importer(815301076,1909f56bfc062723c751e8b465ee728b)
Start importing Assets/Prefabs/shapes/animal (7) 1 1.prefab using Guid(7bd75b21b83329c42890969156dd8bf2) Importer(815301076,1909f56bfc062723c751e8b465ee728b) [PhysX] Initialized MultithreadedTaskDispatcher with 8 workers.
[PhysX] Initialized MultithreadedTaskDispatcher with 8 workers.
 -> (artifact id: '0eaf34177f7c572b952cc7bf07dd3fd2') in 0.060244 seconds
Number of updated asset objects reloaded before import = 0
Number of asset objects unloaded after import = 7
========================================================================
Received Import Request.
  Time since last request: 14.126135 seconds.
  path: Assets/Prefabs/shapes/fruits (1).prefab
  artifactKey: Guid(1fd9e141f0ad44c49803af6582e71cdd) Importer(815301076,1909f56bfc062723c751e8b465ee728b)
Start importing Assets/Prefabs/shapes/fruits (1).prefab using Guid(1fd9e141f0ad44c49803af6582e71cdd) Importer(815301076,1909f56bfc062723c751e8b465ee728b) [PhysX] Initialized MultithreadedTaskDispatcher with 8 workers.
[PhysX] Initialized MultithreadedTaskDispatcher with 8 workers.
 -> (artifact id: '2a5f4df18ad1f06b89f7d590685edf6b') in 0.070337 seconds
Number of updated asset objects reloaded before import = 0
Number of asset objects unloaded after import = 7
========================================================================
Received Import Request.
  Time since last request: 3.087676 seconds.
  path: Assets/Prefabs/shapes/fruits (1).prefab
  artifactKey: Guid(1fd9e141f0ad44c49803af6582e71cdd) Importer(815301076,1909f56bfc062723c751e8b465ee728b)
Start importing Assets/Prefabs/shapes/fruits (1).prefab using Guid(1fd9e141f0ad44c49803af6582e71cdd) Importer(815301076,1909f56bfc062723c751e8b465ee728b) [PhysX] Initialized MultithreadedTaskDispatcher with 8 workers.
[PhysX] Initialized MultithreadedTaskDispatcher with 8 workers.
 -> (artifact id: 'ce804d202fd9f770ffaff68743a04b92') in 0.066180 seconds
Number of updated asset objects reloaded before import = 0
Number of asset objects unloaded after import = 7
========================================================================
Received Import Request.
  Time since last request: 2.000049 seconds.
  path: Assets/Prefabs/shapes/fruits (1).prefab
  artifactKey: Guid(1fd9e141f0ad44c49803af6582e71cdd) Importer(815301076,1909f56bfc062723c751e8b465ee728b)
Start importing Assets/Prefabs/shapes/fruits (1).prefab using Guid(1fd9e141f0ad44c49803af6582e71cdd) Importer(815301076,1909f56bfc062723c751e8b465ee728b) [PhysX] Initialized MultithreadedTaskDispatcher with 8 workers.
[PhysX] Initialized MultithreadedTaskDispatcher with 8 workers.
 -> (artifact id: 'ab110a149385ec6e1bcfcbf18f6442c8') in 0.056969 seconds
Number of updated asset objects reloaded before import = 0
Number of asset objects unloaded after import = 7
========================================================================
Received Import Request.
  Time since last request: 12.104756 seconds.
  path: Assets/Prefabs/shapes/musical_instruments (5).prefab
  artifactKey: Guid(328548b6b95ea194a89bba2d991abefb) Importer(815301076,1909f56bfc062723c751e8b465ee728b)
Start importing Assets/Prefabs/shapes/musical_instruments (5).prefab using Guid(328548b6b95ea194a89bba2d991abefb) Importer(815301076,1909f56bfc062723c751e8b465ee728b) [PhysX] Initialized MultithreadedTaskDispatcher with 8 workers.
[PhysX] Initialized MultithreadedTaskDispatcher with 8 workers.
 -> (artifact id: '42f79976ad5ffe0a8e9d3d7de21e958a') in 0.066267 seconds
Number of updated asset objects reloaded before import = 0
Number of asset objects unloaded after import = 7
========================================================================
Received Import Request.
  Time since last request: 1.374499 seconds.
  path: Assets/Prefabs/shapes/musical_instruments (5).prefab
  artifactKey: Guid(328548b6b95ea194a89bba2d991abefb) Importer(815301076,1909f56bfc062723c751e8b465ee728b)
Start importing Assets/Prefabs/shapes/musical_instruments (5).prefab using Guid(328548b6b95ea194a89bba2d991abefb) Importer(815301076,1909f56bfc062723c751e8b465ee728b) [PhysX] Initialized MultithreadedTaskDispatcher with 8 workers.
[PhysX] Initialized MultithreadedTaskDispatcher with 8 workers.
 -> (artifact id: 'cdf3e84cf7cbcd19ba3e291f15e2e698') in 0.067897 seconds
Number of updated asset objects reloaded before import = 0
Number of asset objects unloaded after import = 7
========================================================================
Received Prepare
Caller must complete domain reload
Begin MonoManager ReloadAssembly
- Loaded All Assemblies, in  1.049 seconds
Native extension for WindowsStandalone target not found
Native extension for Android target not found
[Package Manager] Server::EnsureServerProcessIsRunning -- launch failed, reason: Unity was launched with the -noUpm command-line argument
[Package Manager] UpmClient::Send -- Unable to send message (not connected to UPM process).
[Package Manager] Cannot connect to Unity Package Manager local server
Mono: successfully reloaded assembly
[Package Manager] Server::EnsureServerProcessIsRunning -- launch failed, reason: Unity was launched with the -noUpm command-line argument
[Package Manager] UpmClient::Send -- Unable to send message (not connected to UPM process).
[Package Manager] Cannot connect to Unity Package Manager local server
- Finished resetting the current domain, in  5.015 seconds
Domain Reload Profiling: 6060ms
	BeginReloadAssembly (310ms)
		ExecutionOrderSort (0ms)
		DisableScriptedObjects (11ms)
		BackupInstance (0ms)
		ReleaseScriptingObjects (0ms)
		CreateAndSetChildDomain (58ms)
	RebuildCommonClasses (80ms)
	RebuildNativeTypeToScriptingClass (32ms)
	initialDomainReloadingComplete (78ms)
	LoadAllAssembliesAndSetupDomain (541ms)
		LoadAssemblies (696ms)
		RebuildTransferFunctionScriptingTraits (0ms)
		AnalyzeDomain (30ms)
			TypeCache.Refresh (14ms)
				TypeCache.ScanAssembly (0ms)
			ScanForSourceGeneratedMonoScriptInfo (0ms)
			ResolveRequiredComponents (13ms)
	FinalizeReload (5018ms)
		ReleaseScriptCaches (0ms)
		RebuildScriptCaches (0ms)
		SetupLoadedEditorAssemblies (2669ms)
			LogAssemblyErrors (0ms)
			InitializePlatformSupportModulesInManaged (130ms)
			SetLoadedEditorAssemblies (30ms)
			RefreshPlugins (0ms)
			BeforeProcessingInitializeOnLoad (457ms)
			ProcessInitializeOnLoadAttributes (1960ms)
			ProcessInitializeOnLoadMethodAttributes (77ms)
			AfterProcessingInitializeOnLoad (15ms)
			EditorAssembliesLoaded (0ms)
		ExecutionOrderSort2 (0ms)
		AwakeInstancesAfterBackupRestoration (23ms)
Refreshing native plugins compatible for Editor in 23.41 ms, found 3 plugins.
Preloading 0 native plugins for Editor in 0.00 ms.
Unloading 3360 Unused Serialized files (Serialized files now loaded: 0)
Unloading 15 unused Assets / (28.6 KB). Loaded Objects now: 3883.
Memory consumption went from 127.5 MB to 127.5 MB.
Total: 14.533500 ms (FindLiveObjects: 0.923200 ms CreateObjectMapping: 0.915600 ms MarkObjects: 12.588700 ms  DeleteObjects: 0.103700 ms)

Prepare: number of updated asset objects reloaded= 0
AssetImportParameters requested are different than current active one (requested -> active):
  custom:container-demuxer-ogg: 62fdf1f143b41e24485cea50d1cbac27 -> 
  custom:video-decoder-ogg-theora: a1e56fd34408186e4bbccfd4996cb3dc -> 
  custom:framework-win-MediaFoundation: 216162199b28c13a410421893ffa2e32 -> 
  custom:CustomObjectIndexerAttribute: 9a22284fe3817be447336de3de66b15e -> 
  custom:container-demuxer-webm: 4f35f7cbe854078d1ac9338744f61a02 -> 
  custom:container-muxer-webm: aa71ff27fc2769a1b78a27578f13a17b -> 
  custom:video-decoder-webm-vp8: 9c59270c3fd7afecdb556c50c9e8de78 -> 
  custom:SearchIndexIgnoredProperties: e643bd26f0fe6173181afceb89e7c659 -> 
  custom:AudioImporter_EditorPlatform: d09bf68614088b80899f8185d706f6e7 -> 
  custom:video-encoder-webm-vp8: eb34c28f22e8b96e1ab97ce403110664 -> 
  custom:audio-decoder-ogg-vorbis: bf7c407c2cedff20999df2af8eb42d56 -> 
  custom:audio-encoder-webm-vorbis: bf7c407c2cedff20999df2af8eb42d56 -> 
  custom:scripting/precompiled-assembly-types:Assembly-CSharp: 41c991b8ce6e37561ad2fb263461f093 -> a9b6643ebb9e677ed2e0025dcc569a5e
========================================================================
Received Import Request.
  Time since last request: 70.306101 seconds.
  path: Assets/Prefabs/shapes/musical_instruments (4).prefab
  artifactKey: Guid(b4938e879201fba4d99a03e7a538d65d) Importer(815301076,1909f56bfc062723c751e8b465ee728b)
Start importing Assets/Prefabs/shapes/musical_instruments (4).prefab using Guid(b4938e879201fba4d99a03e7a538d65d) Importer(815301076,1909f56bfc062723c751e8b465ee728b) [PhysX] Initialized MultithreadedTaskDispatcher with 8 workers.
[PhysX] Initialized MultithreadedTaskDispatcher with 8 workers.
 -> (artifact id: '11c65f699fe8addd3b23bc482169ed09') in 0.277380 seconds
Number of updated asset objects reloaded before import = 0
Number of asset objects unloaded after import = 7
========================================================================
Received Import Request.
  Time since last request: 5.905438 seconds.
  path: Assets/Prefabs/shapes/musical_instruments (4).prefab
  artifactKey: Guid(b4938e879201fba4d99a03e7a538d65d) Importer(815301076,1909f56bfc062723c751e8b465ee728b)
Start importing Assets/Prefabs/shapes/musical_instruments (4).prefab using Guid(b4938e879201fba4d99a03e7a538d65d) Importer(815301076,1909f56bfc062723c751e8b465ee728b) [PhysX] Initialized MultithreadedTaskDispatcher with 8 workers.
[PhysX] Initialized MultithreadedTaskDispatcher with 8 workers.
 -> (artifact id: 'c165e7b5cb5ac2cfc4ccb3869fd65985') in 0.037632 seconds
Number of updated asset objects reloaded before import = 0
Number of asset objects unloaded after import = 7
========================================================================
Received Import Request.
  Time since last request: 13.186934 seconds.
  path: Assets/Prefabs/shapes/fruits (3).prefab
  artifactKey: Guid(284ba84a36fcbc946bc2ab2a5cb1e9f5) Importer(815301076,1909f56bfc062723c751e8b465ee728b)
Start importing Assets/Prefabs/shapes/fruits (3).prefab using Guid(284ba84a36fcbc946bc2ab2a5cb1e9f5) Importer(815301076,1909f56bfc062723c751e8b465ee728b) [PhysX] Initialized MultithreadedTaskDispatcher with 8 workers.
[PhysX] Initialized MultithreadedTaskDispatcher with 8 workers.
 -> (artifact id: 'e552665ec5430c62f40b24f560594011') in 0.054393 seconds
Number of updated asset objects reloaded before import = 0
Number of asset objects unloaded after import = 7
========================================================================
Received Import Request.
  Time since last request: 3.616601 seconds.
  path: Assets/Prefabs/shapes/fruits (3).prefab
  artifactKey: Guid(284ba84a36fcbc946bc2ab2a5cb1e9f5) Importer(815301076,1909f56bfc062723c751e8b465ee728b)
Start importing Assets/Prefabs/shapes/fruits (3).prefab using Guid(284ba84a36fcbc946bc2ab2a5cb1e9f5) Importer(815301076,1909f56bfc062723c751e8b465ee728b) [PhysX] Initialized MultithreadedTaskDispatcher with 8 workers.
[PhysX] Initialized MultithreadedTaskDispatcher with 8 workers.
 -> (artifact id: '4fa7398a63d3582abc78fd33b8e165a3') in 0.023117 seconds
Number of updated asset objects reloaded before import = 0
Number of asset objects unloaded after import = 7
========================================================================
Received Import Request.
  Time since last request: 5.321838 seconds.
  path: Assets/Prefabs/shapes/fruits (2).prefab
  artifactKey: Guid(0e3a8ffb0d6f5dd439f3eca0030507b5) Importer(815301076,1909f56bfc062723c751e8b465ee728b)
Start importing Assets/Prefabs/shapes/fruits (2).prefab using Guid(0e3a8ffb0d6f5dd439f3eca0030507b5) Importer(815301076,1909f56bfc062723c751e8b465ee728b) [PhysX] Initialized MultithreadedTaskDispatcher with 8 workers.
[PhysX] Initialized MultithreadedTaskDispatcher with 8 workers.
 -> (artifact id: '6392a4f06cf890d92d08afc6fbd8bcc9') in 0.052662 seconds
Number of updated asset objects reloaded before import = 0
Number of asset objects unloaded after import = 7
========================================================================
Received Prepare
Caller must complete domain reload
Begin MonoManager ReloadAssembly
- Loaded All Assemblies, in  0.920 seconds
Native extension for WindowsStandalone target not found
Native extension for Android target not found
[Package Manager] Server::EnsureServerProcessIsRunning -- launch failed, reason: Unity was launched with the -noUpm command-line argument
[Package Manager] UpmClient::Send -- Unable to send message (not connected to UPM process).
[Package Manager] Cannot connect to Unity Package Manager local server
Mono: successfully reloaded assembly
[Package Manager] Server::EnsureServerProcessIsRunning -- launch failed, reason: Unity was launched with the -noUpm command-line argument
[Package Manager] UpmClient::Send -- Unable to send message (not connected to UPM process).
[Package Manager] Cannot connect to Unity Package Manager local server
- Finished resetting the current domain, in  3.292 seconds
Domain Reload Profiling: 4207ms
	BeginReloadAssembly (313ms)
		ExecutionOrderSort (0ms)
		DisableScriptedObjects (12ms)
		BackupInstance (0ms)
		ReleaseScriptingObjects (0ms)
		CreateAndSetChildDomain (51ms)
	RebuildCommonClasses (79ms)
	RebuildNativeTypeToScriptingClass (24ms)
	initialDomainReloadingComplete (58ms)
	LoadAllAssembliesAndSetupDomain (439ms)
		LoadAssemblies (561ms)
		RebuildTransferFunctionScriptingTraits (0ms)
		AnalyzeDomain (40ms)
			TypeCache.Refresh (19ms)
				TypeCache.ScanAssembly (0ms)
			ScanForSourceGeneratedMonoScriptInfo (0ms)
			ResolveRequiredComponents (17ms)
	FinalizeReload (3294ms)
		ReleaseScriptCaches (0ms)
		RebuildScriptCaches (0ms)
		SetupLoadedEditorAssemblies (2048ms)
			LogAssemblyErrors (0ms)
			InitializePlatformSupportModulesInManaged (35ms)
			SetLoadedEditorAssemblies (17ms)
			RefreshPlugins (0ms)
			BeforeProcessingInitializeOnLoad (342ms)
			ProcessInitializeOnLoadAttributes (1546ms)
			ProcessInitializeOnLoadMethodAttributes (89ms)
			AfterProcessingInitializeOnLoad (18ms)
			EditorAssembliesLoaded (0ms)
		ExecutionOrderSort2 (0ms)
		AwakeInstancesAfterBackupRestoration (33ms)
Refreshing native plugins compatible for Editor in 26.74 ms, found 3 plugins.
Preloading 0 native plugins for Editor in 0.00 ms.
Unloading 3360 Unused Serialized files (Serialized files now loaded: 0)
Unloading 15 unused Assets / (28.5 KB). Loaded Objects now: 3887.
Memory consumption went from 127.5 MB to 127.5 MB.
Total: 15.146700 ms (FindLiveObjects: 0.885700 ms CreateObjectMapping: 0.690900 ms MarkObjects: 13.392600 ms  DeleteObjects: 0.173800 ms)

Prepare: number of updated asset objects reloaded= 0
AssetImportParameters requested are different than current active one (requested -> active):
  custom:container-demuxer-ogg: 62fdf1f143b41e24485cea50d1cbac27 -> 
  custom:video-decoder-ogg-theora: a1e56fd34408186e4bbccfd4996cb3dc -> 
  custom:framework-win-MediaFoundation: 216162199b28c13a410421893ffa2e32 -> 
  custom:CustomObjectIndexerAttribute: 9a22284fe3817be447336de3de66b15e -> 
  custom:container-demuxer-webm: 4f35f7cbe854078d1ac9338744f61a02 -> 
  custom:container-muxer-webm: aa71ff27fc2769a1b78a27578f13a17b -> 
  custom:video-decoder-webm-vp8: 9c59270c3fd7afecdb556c50c9e8de78 -> 
  custom:SearchIndexIgnoredProperties: e643bd26f0fe6173181afceb89e7c659 -> 
  custom:AudioImporter_EditorPlatform: d09bf68614088b80899f8185d706f6e7 -> 
  custom:video-encoder-webm-vp8: eb34c28f22e8b96e1ab97ce403110664 -> 
  custom:audio-decoder-ogg-vorbis: bf7c407c2cedff20999df2af8eb42d56 -> 
  custom:audio-encoder-webm-vorbis: bf7c407c2cedff20999df2af8eb42d56 -> 
  custom:scripting/precompiled-assembly-types:Assembly-CSharp: 41c991b8ce6e37561ad2fb263461f093 -> a9b6643ebb9e677ed2e0025dcc569a5e
========================================================================
Received Import Request.
  Time since last request: 84.870952 seconds.
  path: Assets/Prefabs/shapes/fruits (2).prefab
  artifactKey: Guid(0e3a8ffb0d6f5dd439f3eca0030507b5) Importer(815301076,1909f56bfc062723c751e8b465ee728b)
Start importing Assets/Prefabs/shapes/fruits (2).prefab using Guid(0e3a8ffb0d6f5dd439f3eca0030507b5) Importer(815301076,1909f56bfc062723c751e8b465ee728b) [PhysX] Initialized MultithreadedTaskDispatcher with 8 workers.
[PhysX] Initialized MultithreadedTaskDispatcher with 8 workers.
 -> (artifact id: 'dac5df72477df1c279346dac8425ac23') in 0.231237 seconds
Number of updated asset objects reloaded before import = 0
Number of asset objects unloaded after import = 7
========================================================================
Received Import Request.
  Time since last request: 3.457167 seconds.
  path: Assets/Prefabs/shapes/fruits (2).prefab
  artifactKey: Guid(0e3a8ffb0d6f5dd439f3eca0030507b5) Importer(815301076,1909f56bfc062723c751e8b465ee728b)
Start importing Assets/Prefabs/shapes/fruits (2).prefab using Guid(0e3a8ffb0d6f5dd439f3eca0030507b5) Importer(815301076,1909f56bfc062723c751e8b465ee728b) [PhysX] Initialized MultithreadedTaskDispatcher with 8 workers.
[PhysX] Initialized MultithreadedTaskDispatcher with 8 workers.
 -> (artifact id: 'bf2a8f0548e83e6d992581a15a53001b') in 0.043825 seconds
Number of updated asset objects reloaded before import = 0
Number of asset objects unloaded after import = 7
========================================================================
Received Import Request.
  Time since last request: 3.807717 seconds.
  path: Assets/Prefabs/shapes/fruits (3).prefab
  artifactKey: Guid(284ba84a36fcbc946bc2ab2a5cb1e9f5) Importer(815301076,1909f56bfc062723c751e8b465ee728b)
Start importing Assets/Prefabs/shapes/fruits (3).prefab using Guid(284ba84a36fcbc946bc2ab2a5cb1e9f5) Importer(815301076,1909f56bfc062723c751e8b465ee728b) [PhysX] Initialized MultithreadedTaskDispatcher with 8 workers.
[PhysX] Initialized MultithreadedTaskDispatcher with 8 workers.
 -> (artifact id: 'eecc5db70aabef89ed30ada2c6455672') in 0.046668 seconds
Number of updated asset objects reloaded before import = 0
Number of asset objects unloaded after import = 7
========================================================================
Received Import Request.
  Time since last request: 5.539192 seconds.
  path: Assets/Prefabs/shapes/fruits (3).prefab
  artifactKey: Guid(284ba84a36fcbc946bc2ab2a5cb1e9f5) Importer(815301076,1909f56bfc062723c751e8b465ee728b)
Start importing Assets/Prefabs/shapes/fruits (3).prefab using Guid(284ba84a36fcbc946bc2ab2a5cb1e9f5) Importer(815301076,1909f56bfc062723c751e8b465ee728b) [PhysX] Initialized MultithreadedTaskDispatcher with 8 workers.
[PhysX] Initialized MultithreadedTaskDispatcher with 8 workers.
 -> (artifact id: '17be45d985561cfd8b1241550d6c476d') in 0.044059 seconds
Number of updated asset objects reloaded before import = 0
Number of asset objects unloaded after import = 7
========================================================================
Received Import Request.
  Time since last request: 3.492770 seconds.
  path: Assets/Prefabs/shapes/fruits (4).prefab
  artifactKey: Guid(7334bc34b54da124fac3041675e9b50c) Importer(815301076,1909f56bfc062723c751e8b465ee728b)
Start importing Assets/Prefabs/shapes/fruits (4).prefab using Guid(7334bc34b54da124fac3041675e9b50c) Importer(815301076,1909f56bfc062723c751e8b465ee728b) [PhysX] Initialized MultithreadedTaskDispatcher with 8 workers.
[PhysX] Initialized MultithreadedTaskDispatcher with 8 workers.
 -> (artifact id: 'dc1cd844ca35ef24413ef7a836decee4') in 0.044661 seconds
Number of updated asset objects reloaded before import = 0
Number of asset objects unloaded after import = 7
========================================================================
Received Import Request.
  Time since last request: 1.633470 seconds.
  path: Assets/Prefabs/shapes/fruits (4).prefab
  artifactKey: Guid(7334bc34b54da124fac3041675e9b50c) Importer(815301076,1909f56bfc062723c751e8b465ee728b)
Start importing Assets/Prefabs/shapes/fruits (4).prefab using Guid(7334bc34b54da124fac3041675e9b50c) Importer(815301076,1909f56bfc062723c751e8b465ee728b) [PhysX] Initialized MultithreadedTaskDispatcher with 8 workers.
[PhysX] Initialized MultithreadedTaskDispatcher with 8 workers.
 -> (artifact id: '7edfe35423b00fa708384e9959871c28') in 0.047492 seconds
Number of updated asset objects reloaded before import = 0
Number of asset objects unloaded after import = 7
========================================================================
Received Prepare
Caller must complete domain reload
Begin MonoManager ReloadAssembly
- Loaded All Assemblies, in  0.885 seconds
Native extension for WindowsStandalone target not found
Native extension for Android target not found
[Package Manager] Server::EnsureServerProcessIsRunning -- launch failed, reason: Unity was launched with the -noUpm command-line argument
[Package Manager] UpmClient::Send -- Unable to send message (not connected to UPM process).
[Package Manager] Cannot connect to Unity Package Manager local server
Mono: successfully reloaded assembly
[Package Manager] Server::EnsureServerProcessIsRunning -- launch failed, reason: Unity was launched with the -noUpm command-line argument
[Package Manager] UpmClient::Send -- Unable to send message (not connected to UPM process).
[Package Manager] Cannot connect to Unity Package Manager local server
- Finished resetting the current domain, in  4.203 seconds
Domain Reload Profiling: 5088ms
	BeginReloadAssembly (271ms)
		ExecutionOrderSort (0ms)
		DisableScriptedObjects (10ms)
		BackupInstance (0ms)
		ReleaseScriptingObjects (0ms)
		CreateAndSetChildDomain (55ms)
	RebuildCommonClasses (66ms)
	RebuildNativeTypeToScriptingClass (21ms)
	initialDomainReloadingComplete (57ms)
	LoadAllAssembliesAndSetupDomain (465ms)
		LoadAssemblies (597ms)
		RebuildTransferFunctionScriptingTraits (0ms)
		AnalyzeDomain (27ms)
			TypeCache.Refresh (11ms)
				TypeCache.ScanAssembly (0ms)
			ScanForSourceGeneratedMonoScriptInfo (0ms)
			ResolveRequiredComponents (12ms)
	FinalizeReload (4207ms)
		ReleaseScriptCaches (0ms)
		RebuildScriptCaches (0ms)
		SetupLoadedEditorAssemblies (2519ms)
			LogAssemblyErrors (0ms)
			InitializePlatformSupportModulesInManaged (41ms)
			SetLoadedEditorAssemblies (11ms)
			RefreshPlugins (0ms)
			BeforeProcessingInitializeOnLoad (135ms)
			ProcessInitializeOnLoadAttributes (2059ms)
			ProcessInitializeOnLoadMethodAttributes (222ms)
			AfterProcessingInitializeOnLoad (49ms)
			EditorAssembliesLoaded (1ms)
		ExecutionOrderSort2 (0ms)
		AwakeInstancesAfterBackupRestoration (61ms)
Refreshing native plugins compatible for Editor in 30.93 ms, found 3 plugins.
Preloading 0 native plugins for Editor in 0.00 ms.
Unloading 3360 Unused Serialized files (Serialized files now loaded: 0)
Unloading 15 unused Assets / (28.5 KB). Loaded Objects now: 3891.
Memory consumption went from 127.5 MB to 127.5 MB.
Total: 20.686800 ms (FindLiveObjects: 2.544200 ms CreateObjectMapping: 1.595700 ms MarkObjects: 16.381900 ms  DeleteObjects: 0.156700 ms)

Prepare: number of updated asset objects reloaded= 0
AssetImportParameters requested are different than current active one (requested -> active):
  custom:container-demuxer-ogg: 62fdf1f143b41e24485cea50d1cbac27 -> 
  custom:video-decoder-ogg-theora: a1e56fd34408186e4bbccfd4996cb3dc -> 
  custom:framework-win-MediaFoundation: 216162199b28c13a410421893ffa2e32 -> 
  custom:CustomObjectIndexerAttribute: 9a22284fe3817be447336de3de66b15e -> 
  custom:container-demuxer-webm: 4f35f7cbe854078d1ac9338744f61a02 -> 
  custom:container-muxer-webm: aa71ff27fc2769a1b78a27578f13a17b -> 
  custom:video-decoder-webm-vp8: 9c59270c3fd7afecdb556c50c9e8de78 -> 
  custom:SearchIndexIgnoredProperties: e643bd26f0fe6173181afceb89e7c659 -> 
  custom:AudioImporter_EditorPlatform: d09bf68614088b80899f8185d706f6e7 -> 
  custom:video-encoder-webm-vp8: eb34c28f22e8b96e1ab97ce403110664 -> 
  custom:audio-decoder-ogg-vorbis: bf7c407c2cedff20999df2af8eb42d56 -> 
  custom:audio-encoder-webm-vorbis: bf7c407c2cedff20999df2af8eb42d56 -> 
  custom:scripting/precompiled-assembly-types:Assembly-CSharp: 41c991b8ce6e37561ad2fb263461f093 -> a9b6643ebb9e677ed2e0025dcc569a5e
========================================================================
Received Import Request.
  Time since last request: 114.853138 seconds.
  path: Assets/Prefabs/shapes/kitchen_tool (1).prefab
  artifactKey: Guid(82d1a1817b2e8d641b88425b07f74bf2) Importer(815301076,1909f56bfc062723c751e8b465ee728b)
Start importing Assets/Prefabs/shapes/kitchen_tool (1).prefab using Guid(82d1a1817b2e8d641b88425b07f74bf2) Importer(815301076,1909f56bfc062723c751e8b465ee728b) [PhysX] Initialized MultithreadedTaskDispatcher with 8 workers.
[PhysX] Initialized MultithreadedTaskDispatcher with 8 workers.
 -> (artifact id: '011be7bb8925139976f0a66fe54253df') in 0.345827 seconds
Number of updated asset objects reloaded before import = 0
Number of asset objects unloaded after import = 7
========================================================================
Received Import Request.
  Time since last request: 2.059933 seconds.
  path: Assets/Prefabs/shapes/kitchen_tool (1).prefab
  artifactKey: Guid(82d1a1817b2e8d641b88425b07f74bf2) Importer(815301076,1909f56bfc062723c751e8b465ee728b)
Start importing Assets/Prefabs/shapes/kitchen_tool (1).prefab using Guid(82d1a1817b2e8d641b88425b07f74bf2) Importer(815301076,1909f56bfc062723c751e8b465ee728b) [PhysX] Initialized MultithreadedTaskDispatcher with 8 workers.
[PhysX] Initialized MultithreadedTaskDispatcher with 8 workers.
 -> (artifact id: '3032400585393e1f9848f6c92d268231') in 0.074490 seconds
Number of updated asset objects reloaded before import = 0
Number of asset objects unloaded after import = 7
========================================================================
Received Prepare
Caller must complete domain reload
Begin MonoManager ReloadAssembly
- Loaded All Assemblies, in  0.886 seconds
Native extension for WindowsStandalone target not found
Native extension for Android target not found
[Package Manager] Server::EnsureServerProcessIsRunning -- launch failed, reason: Unity was launched with the -noUpm command-line argument
[Package Manager] UpmClient::Send -- Unable to send message (not connected to UPM process).
[Package Manager] Cannot connect to Unity Package Manager local server
Mono: successfully reloaded assembly
[Package Manager] Server::EnsureServerProcessIsRunning -- launch failed, reason: Unity was launched with the -noUpm command-line argument
[Package Manager] UpmClient::Send -- Unable to send message (not connected to UPM process).
[Package Manager] Cannot connect to Unity Package Manager local server
- Finished resetting the current domain, in  4.691 seconds
Domain Reload Profiling: 5573ms
	BeginReloadAssembly (264ms)
		ExecutionOrderSort (0ms)
		DisableScriptedObjects (9ms)
		BackupInstance (0ms)
		ReleaseScriptingObjects (0ms)
		CreateAndSetChildDomain (51ms)
	RebuildCommonClasses (61ms)
	RebuildNativeTypeToScriptingClass (20ms)
	initialDomainReloadingComplete (64ms)
	LoadAllAssembliesAndSetupDomain (471ms)
		LoadAssemblies (601ms)
		RebuildTransferFunctionScriptingTraits (0ms)
		AnalyzeDomain (26ms)
			TypeCache.Refresh (12ms)
				TypeCache.ScanAssembly (0ms)
			ScanForSourceGeneratedMonoScriptInfo (0ms)
			ResolveRequiredComponents (11ms)
	FinalizeReload (4693ms)
		ReleaseScriptCaches (0ms)
		RebuildScriptCaches (0ms)
		SetupLoadedEditorAssemblies (2925ms)
			LogAssemblyErrors (0ms)
			InitializePlatformSupportModulesInManaged (69ms)
			SetLoadedEditorAssemblies (22ms)
			RefreshPlugins (0ms)
			BeforeProcessingInitializeOnLoad (307ms)
			ProcessInitializeOnLoadAttributes (2268ms)
			ProcessInitializeOnLoadMethodAttributes (213ms)
			AfterProcessingInitializeOnLoad (44ms)
			EditorAssembliesLoaded (1ms)
		ExecutionOrderSort2 (0ms)
		AwakeInstancesAfterBackupRestoration (52ms)
Refreshing native plugins compatible for Editor in 38.01 ms, found 3 plugins.
Preloading 0 native plugins for Editor in 0.00 ms.
Unloading 3360 Unused Serialized files (Serialized files now loaded: 0)
Unloading 15 unused Assets / (28.5 KB). Loaded Objects now: 3895.
Memory consumption went from 127.5 MB to 127.5 MB.
Total: 19.314800 ms (FindLiveObjects: 1.888000 ms CreateObjectMapping: 1.999700 ms MarkObjects: 14.671700 ms  DeleteObjects: 0.744700 ms)

Prepare: number of updated asset objects reloaded= 0
AssetImportParameters requested are different than current active one (requested -> active):
  custom:container-demuxer-ogg: 62fdf1f143b41e24485cea50d1cbac27 -> 
  custom:video-decoder-ogg-theora: a1e56fd34408186e4bbccfd4996cb3dc -> 
  custom:framework-win-MediaFoundation: 216162199b28c13a410421893ffa2e32 -> 
  custom:CustomObjectIndexerAttribute: 9a22284fe3817be447336de3de66b15e -> 
  custom:container-demuxer-webm: 4f35f7cbe854078d1ac9338744f61a02 -> 
  custom:container-muxer-webm: aa71ff27fc2769a1b78a27578f13a17b -> 
  custom:video-decoder-webm-vp8: 9c59270c3fd7afecdb556c50c9e8de78 -> 
  custom:SearchIndexIgnoredProperties: e643bd26f0fe6173181afceb89e7c659 -> 
  custom:AudioImporter_EditorPlatform: d09bf68614088b80899f8185d706f6e7 -> 
  custom:video-encoder-webm-vp8: eb34c28f22e8b96e1ab97ce403110664 -> 
  custom:audio-decoder-ogg-vorbis: bf7c407c2cedff20999df2af8eb42d56 -> 
  custom:audio-encoder-webm-vorbis: bf7c407c2cedff20999df2af8eb42d56 -> 
  custom:scripting/precompiled-assembly-types:Assembly-CSharp: 41c991b8ce6e37561ad2fb263461f093 -> a9b6643ebb9e677ed2e0025dcc569a5e
========================================================================
Received Import Request.
  Time since last request: 109.448471 seconds.
  path: Assets/Prefabs/shapes/animal (4) 2 Variant.prefab
  artifactKey: Guid(86ed9ae7e991743479b58dcc6a132340) Importer(815301076,1909f56bfc062723c751e8b465ee728b)
Start importing Assets/Prefabs/shapes/animal (4) 2 Variant.prefab using Guid(86ed9ae7e991743479b58dcc6a132340) Importer(815301076,1909f56bfc062723c751e8b465ee728b) [PhysX] Initialized MultithreadedTaskDispatcher with 8 workers.
[PhysX] Initialized MultithreadedTaskDispatcher with 8 workers.
 -> (artifact id: '3b9c025af5c06e78b770913696ac1402') in 0.229819 seconds
Number of updated asset objects reloaded before import = 0
Number of asset objects unloaded after import = 15
========================================================================
Received Import Request.
  Time since last request: 1.584367 seconds.
  path: Assets/Prefabs/shapes/animal (4) 2 Variant.prefab
  artifactKey: Guid(86ed9ae7e991743479b58dcc6a132340) Importer(815301076,1909f56bfc062723c751e8b465ee728b)
Start importing Assets/Prefabs/shapes/animal (4) 2 Variant.prefab using Guid(86ed9ae7e991743479b58dcc6a132340) Importer(815301076,1909f56bfc062723c751e8b465ee728b) [PhysX] Initialized MultithreadedTaskDispatcher with 8 workers.
[PhysX] Initialized MultithreadedTaskDispatcher with 8 workers.
 -> (artifact id: '8455663aa965fdb09c311700241b8535') in 0.064603 seconds
Number of updated asset objects reloaded before import = 0
Number of asset objects unloaded after import = 15
========================================================================
Received Import Request.
  Time since last request: 2.282277 seconds.
  path: Assets/Prefabs/shapes/animal (4) 2 Variant.prefab
  artifactKey: Guid(86ed9ae7e991743479b58dcc6a132340) Importer(815301076,1909f56bfc062723c751e8b465ee728b)
Start importing Assets/Prefabs/shapes/animal (4) 2 Variant.prefab using Guid(86ed9ae7e991743479b58dcc6a132340) Importer(815301076,1909f56bfc062723c751e8b465ee728b) [PhysX] Initialized MultithreadedTaskDispatcher with 8 workers.
[PhysX] Initialized MultithreadedTaskDispatcher with 8 workers.
 -> (artifact id: 'd31da7bc6e62486bb6e1d04772585836') in 0.057498 seconds
Number of updated asset objects reloaded before import = 0
Number of asset objects unloaded after import = 15
========================================================================
Received Import Request.
  Time since last request: 6.249114 seconds.
  path: Assets/Prefabs/office_tools/office_tools (1).prefab
  artifactKey: Guid(419bb025f4d8f409fa78ccd0392963f4) Importer(815301076,1909f56bfc062723c751e8b465ee728b)
Start importing Assets/Prefabs/office_tools/office_tools (1).prefab using Guid(419bb025f4d8f409fa78ccd0392963f4) Importer(815301076,1909f56bfc062723c751e8b465ee728b) [PhysX] Initialized MultithreadedTaskDispatcher with 8 workers.
[PhysX] Initialized MultithreadedTaskDispatcher with 8 workers.
 -> (artifact id: '0163560e3e141807c7590ad29ef4ff39') in 0.061517 seconds
Number of updated asset objects reloaded before import = 0
Number of asset objects unloaded after import = 7
========================================================================
Received Import Request.
  Time since last request: 0.000038 seconds.
  path: Assets/Prefabs/office_tools/office_tools (10).prefab
  artifactKey: Guid(b307acec0d290485381ba9d899befe68) Importer(815301076,1909f56bfc062723c751e8b465ee728b)
Start importing Assets/Prefabs/office_tools/office_tools (10).prefab using Guid(b307acec0d290485381ba9d899befe68) Importer(815301076,1909f56bfc062723c751e8b465ee728b) [PhysX] Initialized MultithreadedTaskDispatcher with 8 workers.
[PhysX] Initialized MultithreadedTaskDispatcher with 8 workers.
 -> (artifact id: 'e7c61c7dad46a52a8f9af32f961c911e') in 0.061547 seconds
Number of updated asset objects reloaded before import = 0
Number of asset objects unloaded after import = 7
========================================================================
Received Import Request.
  Time since last request: 0.000040 seconds.
  path: Assets/Prefabs/office_tools/office_tools (6).prefab
  artifactKey: Guid(e6760844cb14943aaac448cd7b332ee2) Importer(815301076,1909f56bfc062723c751e8b465ee728b)
Start importing Assets/Prefabs/office_tools/office_tools (6).prefab using Guid(e6760844cb14943aaac448cd7b332ee2) Importer(815301076,1909f56bfc062723c751e8b465ee728b) [PhysX] Initialized MultithreadedTaskDispatcher with 8 workers.
[PhysX] Initialized MultithreadedTaskDispatcher with 8 workers.
 -> (artifact id: '8a49b4b6332dc9c84b58f6a86b84dc7e') in 0.060163 seconds
Number of updated asset objects reloaded before import = 0
Number of asset objects unloaded after import = 7
========================================================================
Received Import Request.
  Time since last request: 0.000039 seconds.
  path: Assets/Prefabs/office_tools/office_tools (5).prefab
  artifactKey: Guid(86c80e01a0dc44456912f512e6a8191e) Importer(815301076,1909f56bfc062723c751e8b465ee728b)
Start importing Assets/Prefabs/office_tools/office_tools (5).prefab using Guid(86c80e01a0dc44456912f512e6a8191e) Importer(815301076,1909f56bfc062723c751e8b465ee728b) [PhysX] Initialized MultithreadedTaskDispatcher with 8 workers.
[PhysX] Initialized MultithreadedTaskDispatcher with 8 workers.
 -> (artifact id: '66c673278ec3696bb8a801887c917fcf') in 0.060261 seconds
Number of updated asset objects reloaded before import = 0
Number of asset objects unloaded after import = 7
========================================================================
Received Import Request.
  Time since last request: 0.000052 seconds.
  path: Assets/Prefabs/office_tools/office_tools (4).prefab
  artifactKey: Guid(6a882dbc6ef2742968ccc36e0c01d965) Importer(815301076,1909f56bfc062723c751e8b465ee728b)
Start importing Assets/Prefabs/office_tools/office_tools (4).prefab using Guid(6a882dbc6ef2742968ccc36e0c01d965) Importer(815301076,1909f56bfc062723c751e8b465ee728b) [PhysX] Initialized MultithreadedTaskDispatcher with 8 workers.
[PhysX] Initialized MultithreadedTaskDispatcher with 8 workers.
 -> (artifact id: '5828ce1f5f64de2effce63204d6c82b7') in 0.054513 seconds
Number of updated asset objects reloaded before import = 0
Number of asset objects unloaded after import = 7
========================================================================
Received Import Request.
  Time since last request: 0.000033 seconds.
  path: Assets/Prefabs/office_tools/office_tools (7).prefab
  artifactKey: Guid(eb5044cedebd342f89ccfa4a3febd1ce) Importer(815301076,1909f56bfc062723c751e8b465ee728b)
Start importing Assets/Prefabs/office_tools/office_tools (7).prefab using Guid(eb5044cedebd342f89ccfa4a3febd1ce) Importer(815301076,1909f56bfc062723c751e8b465ee728b) [PhysX] Initialized MultithreadedTaskDispatcher with 8 workers.
[PhysX] Initialized MultithreadedTaskDispatcher with 8 workers.
 -> (artifact id: 'a84f8e0e8a5ed25b7093ccde7503804d') in 0.081591 seconds
Number of updated asset objects reloaded before import = 0
Number of asset objects unloaded after import = 7
========================================================================
Received Import Request.
  Time since last request: 0.000048 seconds.
  path: Assets/Prefabs/office_tools/office_tools (8).prefab
  artifactKey: Guid(c856e0378e5b34be8889e9ffe62401cb) Importer(815301076,1909f56bfc062723c751e8b465ee728b)
Start importing Assets/Prefabs/office_tools/office_tools (8).prefab using Guid(c856e0378e5b34be8889e9ffe62401cb) Importer(815301076,1909f56bfc062723c751e8b465ee728b) [PhysX] Initialized MultithreadedTaskDispatcher with 8 workers.
[PhysX] Initialized MultithreadedTaskDispatcher with 8 workers.
 -> (artifact id: '001142a781a6ef77b895eeb5786bce25') in 0.060237 seconds
Number of updated asset objects reloaded before import = 0
Number of asset objects unloaded after import = 7
========================================================================
Received Import Request.
  Time since last request: 0.000051 seconds.
  path: Assets/Prefabs/office_tools/office_tools (3).prefab
  artifactKey: Guid(650f14f059f2a4b0b840e50a2a899e76) Importer(815301076,1909f56bfc062723c751e8b465ee728b)
Start importing Assets/Prefabs/office_tools/office_tools (3).prefab using Guid(650f14f059f2a4b0b840e50a2a899e76) Importer(815301076,1909f56bfc062723c751e8b465ee728b) [PhysX] Initialized MultithreadedTaskDispatcher with 8 workers.
[PhysX] Initialized MultithreadedTaskDispatcher with 8 workers.
 -> (artifact id: '9784db987cf796ef4a54641b609f8791') in 0.049172 seconds
Number of updated asset objects reloaded before import = 0
Number of asset objects unloaded after import = 7
========================================================================
Received Import Request.
  Time since last request: 0.000047 seconds.
  path: Assets/Prefabs/office_tools/office_tools (2).prefab
  artifactKey: Guid(ff13861255f524c8ab7b95ba2defd79e) Importer(815301076,1909f56bfc062723c751e8b465ee728b)
Start importing Assets/Prefabs/office_tools/office_tools (2).prefab using Guid(ff13861255f524c8ab7b95ba2defd79e) Importer(815301076,1909f56bfc062723c751e8b465ee728b) [PhysX] Initialized MultithreadedTaskDispatcher with 8 workers.
[PhysX] Initialized MultithreadedTaskDispatcher with 8 workers.
 -> (artifact id: 'd14ffcfe77f11a05c8e1be0e46bafb10') in 0.058711 seconds
Number of updated asset objects reloaded before import = 0
Number of asset objects unloaded after import = 7
========================================================================
Received Import Request.
  Time since last request: 0.000056 seconds.
  path: Assets/Prefabs/office_tools/office_tools (9).prefab
  artifactKey: Guid(7bbbbd1212704417b9c8f8a2a36502b5) Importer(815301076,1909f56bfc062723c751e8b465ee728b)
Start importing Assets/Prefabs/office_tools/office_tools (9).prefab using Guid(7bbbbd1212704417b9c8f8a2a36502b5) Importer(815301076,1909f56bfc062723c751e8b465ee728b) [PhysX] Initialized MultithreadedTaskDispatcher with 8 workers.
[PhysX] Initialized MultithreadedTaskDispatcher with 8 workers.
 -> (artifact id: 'f5b1ec83d1ca2d9a6e62b0d417876dd0') in 0.052847 seconds
Number of updated asset objects reloaded before import = 0
Number of asset objects unloaded after import = 7
========================================================================
Received Import Request.
  Time since last request: 19.920991 seconds.
  path: Assets/Prefabs/shapes/animal (4) 2.prefab
  artifactKey: Guid(59f57960c6490b747b467b192d0c2149) Importer(815301076,1909f56bfc062723c751e8b465ee728b)
Start importing Assets/Prefabs/shapes/animal (4) 2.prefab using Guid(59f57960c6490b747b467b192d0c2149) Importer(815301076,1909f56bfc062723c751e8b465ee728b) [PhysX] Initialized MultithreadedTaskDispatcher with 8 workers.
[PhysX] Initialized MultithreadedTaskDispatcher with 8 workers.
 -> (artifact id: '9194eb7dca292435b26e9a65cb1ef01f') in 0.063293 seconds
Number of updated asset objects reloaded before import = 0
Number of asset objects unloaded after import = 7
========================================================================
Received Import Request.
  Time since last request: 0.000061 seconds.
  path: Assets/Prefabs/shapes/animal (4) 2 Variant.prefab
  artifactKey: Guid(86ed9ae7e991743479b58dcc6a132340) Importer(815301076,1909f56bfc062723c751e8b465ee728b)
Start importing Assets/Prefabs/shapes/animal (4) 2 Variant.prefab using Guid(86ed9ae7e991743479b58dcc6a132340) Importer(815301076,1909f56bfc062723c751e8b465ee728b) [PhysX] Initialized MultithreadedTaskDispatcher with 8 workers.
[PhysX] Initialized MultithreadedTaskDispatcher with 8 workers.
 -> (artifact id: 'e128ff707b51d88b1484634a0cddd005') in 0.036969 seconds
Number of updated asset objects reloaded before import = 0
Number of asset objects unloaded after import = 15
========================================================================
Received Import Request.
  Time since last request: 3.387410 seconds.
  path: Assets/Prefabs/shapes/animal (4) 2.prefab
  artifactKey: Guid(59f57960c6490b747b467b192d0c2149) Importer(815301076,1909f56bfc062723c751e8b465ee728b)
Start importing Assets/Prefabs/shapes/animal (4) 2.prefab using Guid(59f57960c6490b747b467b192d0c2149) Importer(815301076,1909f56bfc062723c751e8b465ee728b) [PhysX] Initialized MultithreadedTaskDispatcher with 8 workers.
[PhysX] Initialized MultithreadedTaskDispatcher with 8 workers.
 -> (artifact id: 'dbecc7a16d35abddadae4160f6e98d87') in 0.046353 seconds
Number of updated asset objects reloaded before import = 0
Number of asset objects unloaded after import = 7
========================================================================
Received Import Request.
  Time since last request: 0.000071 seconds.
  path: Assets/Prefabs/shapes/animal (4) 2 Variant.prefab
  artifactKey: Guid(86ed9ae7e991743479b58dcc6a132340) Importer(815301076,1909f56bfc062723c751e8b465ee728b)
Start importing Assets/Prefabs/shapes/animal (4) 2 Variant.prefab using Guid(86ed9ae7e991743479b58dcc6a132340) Importer(815301076,1909f56bfc062723c751e8b465ee728b) [PhysX] Initialized MultithreadedTaskDispatcher with 8 workers.
[PhysX] Initialized MultithreadedTaskDispatcher with 8 workers.
 -> (artifact id: 'f253d96c98520840601d6cefc7b05cef') in 0.026453 seconds
Number of updated asset objects reloaded before import = 0
Number of asset objects unloaded after import = 15
========================================================================
Received Import Request.
  Time since last request: 5.144164 seconds.
  path: Assets/Prefabs/shapes/animal (4) 2 1.prefab
  artifactKey: Guid(e904354c8f55fc84ab193dfce42259b9) Importer(815301076,1909f56bfc062723c751e8b465ee728b)
Start importing Assets/Prefabs/shapes/animal (4) 2 1.prefab using Guid(e904354c8f55fc84ab193dfce42259b9) Importer(815301076,1909f56bfc062723c751e8b465ee728b) [PhysX] Initialized MultithreadedTaskDispatcher with 8 workers.
[PhysX] Initialized MultithreadedTaskDispatcher with 8 workers.
 -> (artifact id: '5ce028f2ad9c9baa7b24f6f0e177ec59') in 0.051144 seconds
Number of updated asset objects reloaded before import = 0
Number of asset objects unloaded after import = 7
========================================================================
Received Import Request.
  Time since last request: 5.975737 seconds.
  path: Assets/Prefabs/shapes/animal (4) 2 1.prefab
  artifactKey: Guid(e904354c8f55fc84ab193dfce42259b9) Importer(815301076,1909f56bfc062723c751e8b465ee728b)
Start importing Assets/Prefabs/shapes/animal (4) 2 1.prefab using Guid(e904354c8f55fc84ab193dfce42259b9) Importer(815301076,1909f56bfc062723c751e8b465ee728b) [PhysX] Initialized MultithreadedTaskDispatcher with 8 workers.
[PhysX] Initialized MultithreadedTaskDispatcher with 8 workers.
 -> (artifact id: '71ea9e2c08e7d12a6ef95dbe51b766be') in 0.047593 seconds
Number of updated asset objects reloaded before import = 0
Number of asset objects unloaded after import = 7
========================================================================
Received Import Request.
  Time since last request: 15.539176 seconds.
  path: Assets/Prefabs/shapes/animal (7) 1 1.prefab
  artifactKey: Guid(7bd75b21b83329c42890969156dd8bf2) Importer(815301076,1909f56bfc062723c751e8b465ee728b)
Start importing Assets/Prefabs/shapes/animal (7) 1 1.prefab using Guid(7bd75b21b83329c42890969156dd8bf2) Importer(815301076,1909f56bfc062723c751e8b465ee728b) [PhysX] Initialized MultithreadedTaskDispatcher with 8 workers.
[PhysX] Initialized MultithreadedTaskDispatcher with 8 workers.
 -> (artifact id: '10838a5daf8c8176511ba485dc9e3e07') in 0.077801 seconds
Number of updated asset objects reloaded before import = 0
Number of asset objects unloaded after import = 7
========================================================================
Received Import Request.
  Time since last request: 20.140454 seconds.
  path: Assets/Prefabs/shapes/animal (6) 1 1.prefab
  artifactKey: Guid(0e1620e7b943f1e4c856aaa4f74f84c7) Importer(815301076,1909f56bfc062723c751e8b465ee728b)
Start importing Assets/Prefabs/shapes/animal (6) 1 1.prefab using Guid(0e1620e7b943f1e4c856aaa4f74f84c7) Importer(815301076,1909f56bfc062723c751e8b465ee728b) [PhysX] Initialized MultithreadedTaskDispatcher with 8 workers.
[PhysX] Initialized MultithreadedTaskDispatcher with 8 workers.
 -> (artifact id: 'b3144b1661ee4f452dc7c89f8c641b09') in 0.084452 seconds
Number of updated asset objects reloaded before import = 0
Number of asset objects unloaded after import = 7
========================================================================
Received Import Request.
  Time since last request: 18.121409 seconds.
  path: Assets/Prefabs/shapes/musical_instruments (1).prefab
  artifactKey: Guid(bca22cbdfbf0fed46b7c9db289caeeaf) Importer(815301076,1909f56bfc062723c751e8b465ee728b)
Start importing Assets/Prefabs/shapes/musical_instruments (1).prefab using Guid(bca22cbdfbf0fed46b7c9db289caeeaf) Importer(815301076,1909f56bfc062723c751e8b465ee728b) [PhysX] Initialized MultithreadedTaskDispatcher with 8 workers.
[PhysX] Initialized MultithreadedTaskDispatcher with 8 workers.
 -> (artifact id: '55533c989e38d2dd4406406e72f9292b') in 0.054308 seconds
Number of updated asset objects reloaded before import = 0
Number of asset objects unloaded after import = 7
========================================================================
Received Import Request.
  Time since last request: 243.676038 seconds.
  path: Assets/Prefabs/shapes/musical_instruments (2).prefab
  artifactKey: Guid(67ee8094dfb61c34287ba3bb783c0e3c) Importer(815301076,1909f56bfc062723c751e8b465ee728b)
Start importing Assets/Prefabs/shapes/musical_instruments (2).prefab using Guid(67ee8094dfb61c34287ba3bb783c0e3c) Importer(815301076,1909f56bfc062723c751e8b465ee728b) [PhysX] Initialized MultithreadedTaskDispatcher with 8 workers.
[PhysX] Initialized MultithreadedTaskDispatcher with 8 workers.
 -> (artifact id: 'a521acf5737d3c8aee3a4036b85c83fc') in 0.053391 seconds
Number of updated asset objects reloaded before import = 0
Number of asset objects unloaded after import = 7
========================================================================
Received Import Request.
  Time since last request: 2.131768 seconds.
  path: Assets/Prefabs/toys/toys (1).prefab
  artifactKey: Guid(39bc804c4be4b43b09093f731ed1eebe) Importer(815301076,1909f56bfc062723c751e8b465ee728b)
Start importing Assets/Prefabs/toys/toys (1).prefab using Guid(39bc804c4be4b43b09093f731ed1eebe) Importer(815301076,1909f56bfc062723c751e8b465ee728b) [PhysX] Initialized MultithreadedTaskDispatcher with 8 workers.
[PhysX] Initialized MultithreadedTaskDispatcher with 8 workers.
 -> (artifact id: '2d484d728866751299aa93ffc261bad7') in 0.088707 seconds
Number of updated asset objects reloaded before import = 0
Number of asset objects unloaded after import = 7
========================================================================
Received Import Request.
  Time since last request: 0.000032 seconds.
  path: Assets/Prefabs/toys/toys (9).prefab
  artifactKey: Guid(d8af919de7b464431a3c21963615ac1b) Importer(815301076,1909f56bfc062723c751e8b465ee728b)
Start importing Assets/Prefabs/toys/toys (9).prefab using Guid(d8af919de7b464431a3c21963615ac1b) Importer(815301076,1909f56bfc062723c751e8b465ee728b) [PhysX] Initialized MultithreadedTaskDispatcher with 8 workers.
[PhysX] Initialized MultithreadedTaskDispatcher with 8 workers.
 -> (artifact id: '0d7591bfbdd89d52d8077b553b9b7079') in 0.043470 seconds
Number of updated asset objects reloaded before import = 0
Number of asset objects unloaded after import = 7
========================================================================
Received Import Request.
  Time since last request: 0.084251 seconds.
  path: Assets/Prefabs/toys/toys (2).prefab
  artifactKey: Guid(f90c16fdfa35440ef833339fd56cdafe) Importer(815301076,1909f56bfc062723c751e8b465ee728b)
Start importing Assets/Prefabs/toys/toys (2).prefab using Guid(f90c16fdfa35440ef833339fd56cdafe) Importer(815301076,1909f56bfc062723c751e8b465ee728b) [PhysX] Initialized MultithreadedTaskDispatcher with 8 workers.
[PhysX] Initialized MultithreadedTaskDispatcher with 8 workers.
 -> (artifact id: 'a250f95ab4c112ceea661901cff99807') in 0.045703 seconds
Number of updated asset objects reloaded before import = 0
Number of asset objects unloaded after import = 7
========================================================================
Received Import Request.
  Time since last request: 0.000603 seconds.
  path: Assets/Prefabs/toys/toys (6).prefab
  artifactKey: Guid(8939479d1ffaf401a81bbfef8fe2ef55) Importer(815301076,1909f56bfc062723c751e8b465ee728b)
Start importing Assets/Prefabs/toys/toys (6).prefab using Guid(8939479d1ffaf401a81bbfef8fe2ef55) Importer(815301076,1909f56bfc062723c751e8b465ee728b) [PhysX] Initialized MultithreadedTaskDispatcher with 8 workers.
[PhysX] Initialized MultithreadedTaskDispatcher with 8 workers.
 -> (artifact id: 'c5d6369fc5046d9c1e828e9f2cdb3bac') in 0.048302 seconds
Number of updated asset objects reloaded before import = 0
Number of asset objects unloaded after import = 7
========================================================================
Received Import Request.
  Time since last request: 0.000034 seconds.
  path: Assets/Prefabs/toys/toys (3).prefab
  artifactKey: Guid(83abac99e463649199795f2f6b24308d) Importer(815301076,1909f56bfc062723c751e8b465ee728b)
Start importing Assets/Prefabs/toys/toys (3).prefab using Guid(83abac99e463649199795f2f6b24308d) Importer(815301076,1909f56bfc062723c751e8b465ee728b) [PhysX] Initialized MultithreadedTaskDispatcher with 8 workers.
[PhysX] Initialized MultithreadedTaskDispatcher with 8 workers.
 -> (artifact id: 'fd9b70c5de232b917a2c5c633222fb17') in 0.073541 seconds
Number of updated asset objects reloaded before import = 0
Number of asset objects unloaded after import = 7
========================================================================
Received Import Request.
  Time since last request: 0.000037 seconds.
  path: Assets/Prefabs/toys/toys (10).prefab
  artifactKey: Guid(7a0fbeacfbb1b420cb9527ea8e93c75b) Importer(815301076,1909f56bfc062723c751e8b465ee728b)
Start importing Assets/Prefabs/toys/toys (10).prefab using Guid(7a0fbeacfbb1b420cb9527ea8e93c75b) Importer(815301076,1909f56bfc062723c751e8b465ee728b) [PhysX] Initialized MultithreadedTaskDispatcher with 8 workers.
[PhysX] Initialized MultithreadedTaskDispatcher with 8 workers.
 -> (artifact id: 'f0eb59ed7ac2db7f116a7ca02516282a') in 0.051740 seconds
Number of updated asset objects reloaded before import = 0
Number of asset objects unloaded after import = 7
========================================================================
Received Import Request.
  Time since last request: 0.000125 seconds.
  path: Assets/Prefabs/toys/toys (5).prefab
  artifactKey: Guid(5bdcf640e59b64ebb80603ebaede6fa6) Importer(815301076,1909f56bfc062723c751e8b465ee728b)
Start importing Assets/Prefabs/toys/toys (5).prefab using Guid(5bdcf640e59b64ebb80603ebaede6fa6) Importer(815301076,1909f56bfc062723c751e8b465ee728b) [PhysX] Initialized MultithreadedTaskDispatcher with 8 workers.
[PhysX] Initialized MultithreadedTaskDispatcher with 8 workers.
 -> (artifact id: '05ab4b8342a30691543e2f576a55ef31') in 0.053245 seconds
Number of updated asset objects reloaded before import = 0
Number of asset objects unloaded after import = 7
========================================================================
Received Import Request.
  Time since last request: 0.000031 seconds.
  path: Assets/Prefabs/toys/toys (4).prefab
  artifactKey: Guid(679e68422e77044e8a82a3d6acd24b4d) Importer(815301076,1909f56bfc062723c751e8b465ee728b)
Start importing Assets/Prefabs/toys/toys (4).prefab using Guid(679e68422e77044e8a82a3d6acd24b4d) Importer(815301076,1909f56bfc062723c751e8b465ee728b) [PhysX] Initialized MultithreadedTaskDispatcher with 8 workers.
[PhysX] Initialized MultithreadedTaskDispatcher with 8 workers.
 -> (artifact id: 'c74831f6d1ea1621bc2cf7a592fa4039') in 0.050569 seconds
Number of updated asset objects reloaded before import = 0
Number of asset objects unloaded after import = 7
========================================================================
Received Import Request.
  Time since last request: 0.000035 seconds.
  path: Assets/Prefabs/toys/toys (8).prefab
  artifactKey: Guid(93665a18bb0ba49cb8040250dcd73643) Importer(815301076,1909f56bfc062723c751e8b465ee728b)
Start importing Assets/Prefabs/toys/toys (8).prefab using Guid(93665a18bb0ba49cb8040250dcd73643) Importer(815301076,1909f56bfc062723c751e8b465ee728b) [PhysX] Initialized MultithreadedTaskDispatcher with 8 workers.
[PhysX] Initialized MultithreadedTaskDispatcher with 8 workers.
 -> (artifact id: '2f4602b97691d2ebfd55357f847cb6f8') in 0.095293 seconds
Number of updated asset objects reloaded before import = 0
Number of asset objects unloaded after import = 7
========================================================================
Received Import Request.
  Time since last request: 0.000039 seconds.
  path: Assets/Prefabs/toys/toys (7).prefab
  artifactKey: Guid(1a40ec0bcd3a64cdf9f5dedbc20c1c87) Importer(815301076,1909f56bfc062723c751e8b465ee728b)
Start importing Assets/Prefabs/toys/toys (7).prefab using Guid(1a40ec0bcd3a64cdf9f5dedbc20c1c87) Importer(815301076,1909f56bfc062723c751e8b465ee728b) [PhysX] Initialized MultithreadedTaskDispatcher with 8 workers.
[PhysX] Initialized MultithreadedTaskDispatcher with 8 workers.
 -> (artifact id: 'e3195b973a04cb0528d940114c528bfc') in 0.050998 seconds
Number of updated asset objects reloaded before import = 0
Number of asset objects unloaded after import = 7
========================================================================
Received Import Request.
  Time since last request: 0.000382 seconds.
  path: Assets/Prefabs/shapes/musical_instruments (2).prefab
  artifactKey: Guid(67ee8094dfb61c34287ba3bb783c0e3c) Importer(815301076,1909f56bfc062723c751e8b465ee728b)
Start importing Assets/Prefabs/shapes/musical_instruments (2).prefab using Guid(67ee8094dfb61c34287ba3bb783c0e3c) Importer(815301076,1909f56bfc062723c751e8b465ee728b) [PhysX] Initialized MultithreadedTaskDispatcher with 8 workers.
[PhysX] Initialized MultithreadedTaskDispatcher with 8 workers.
 -> (artifact id: '1b8ed8b3f76005919b1cba70f267c8a8') in 0.044229 seconds
Number of updated asset objects reloaded before import = 0
Number of asset objects unloaded after import = 7
========================================================================
Received Prepare
Caller must complete domain reload
Begin MonoManager ReloadAssembly
- Loaded All Assemblies, in  0.909 seconds
Native extension for WindowsStandalone target not found
Native extension for Android target not found
[Package Manager] Server::EnsureServerProcessIsRunning -- launch failed, reason: Unity was launched with the -noUpm command-line argument
[Package Manager] UpmClient::Send -- Unable to send message (not connected to UPM process).
[Package Manager] Cannot connect to Unity Package Manager local server
Mono: successfully reloaded assembly
[Package Manager] Server::EnsureServerProcessIsRunning -- launch failed, reason: Unity was launched with the -noUpm command-line argument
[Package Manager] UpmClient::Send -- Unable to send message (not connected to UPM process).
[Package Manager] Cannot connect to Unity Package Manager local server
- Finished resetting the current domain, in  3.390 seconds
Domain Reload Profiling: 4296ms
	BeginReloadAssembly (310ms)
		ExecutionOrderSort (0ms)
		DisableScriptedObjects (8ms)
		BackupInstance (0ms)
		ReleaseScriptingObjects (0ms)
		CreateAndSetChildDomain (52ms)
	RebuildCommonClasses (69ms)
	RebuildNativeTypeToScriptingClass (27ms)
	initialDomainReloadingComplete (56ms)
	LoadAllAssembliesAndSetupDomain (441ms)
		LoadAssemblies (577ms)
		RebuildTransferFunctionScriptingTraits (0ms)
		AnalyzeDomain (28ms)
			TypeCache.Refresh (11ms)
				TypeCache.ScanAssembly (0ms)
			ScanForSourceGeneratedMonoScriptInfo (0ms)
			ResolveRequiredComponents (13ms)
	FinalizeReload (3393ms)
		ReleaseScriptCaches (0ms)
		RebuildScriptCaches (0ms)
		SetupLoadedEditorAssemblies (2154ms)
			LogAssemblyErrors (0ms)
			InitializePlatformSupportModulesInManaged (32ms)
			SetLoadedEditorAssemblies (18ms)
			RefreshPlugins (0ms)
			BeforeProcessingInitializeOnLoad (432ms)
			ProcessInitializeOnLoadAttributes (1541ms)
			ProcessInitializeOnLoadMethodAttributes (109ms)
			AfterProcessingInitializeOnLoad (21ms)
			EditorAssembliesLoaded (0ms)
		ExecutionOrderSort2 (0ms)
		AwakeInstancesAfterBackupRestoration (31ms)
Refreshing native plugins compatible for Editor in 14.97 ms, found 3 plugins.
Preloading 0 native plugins for Editor in 0.00 ms.
Unloading 3360 Unused Serialized files (Serialized files now loaded: 0)
Unloading 15 unused Assets / (28.5 KB). Loaded Objects now: 3899.
Memory consumption went from 127.6 MB to 127.6 MB.
Total: 7.302500 ms (FindLiveObjects: 0.451900 ms CreateObjectMapping: 0.470100 ms MarkObjects: 6.274900 ms  DeleteObjects: 0.104000 ms)

Prepare: number of updated asset objects reloaded= 0
AssetImportParameters requested are different than current active one (requested -> active):
  custom:container-demuxer-ogg: 62fdf1f143b41e24485cea50d1cbac27 -> 
  custom:video-decoder-ogg-theora: a1e56fd34408186e4bbccfd4996cb3dc -> 
  custom:framework-win-MediaFoundation: 216162199b28c13a410421893ffa2e32 -> 
  custom:CustomObjectIndexerAttribute: 9a22284fe3817be447336de3de66b15e -> 
  custom:container-demuxer-webm: 4f35f7cbe854078d1ac9338744f61a02 -> 
  custom:container-muxer-webm: aa71ff27fc2769a1b78a27578f13a17b -> 
  custom:video-decoder-webm-vp8: 9c59270c3fd7afecdb556c50c9e8de78 -> 
  custom:SearchIndexIgnoredProperties: e643bd26f0fe6173181afceb89e7c659 -> 
  custom:AudioImporter_EditorPlatform: d09bf68614088b80899f8185d706f6e7 -> 
  custom:video-encoder-webm-vp8: eb34c28f22e8b96e1ab97ce403110664 -> 
  custom:audio-decoder-ogg-vorbis: bf7c407c2cedff20999df2af8eb42d56 -> 
  custom:audio-encoder-webm-vorbis: bf7c407c2cedff20999df2af8eb42d56 -> 
  custom:scripting/precompiled-assembly-types:Assembly-CSharp: 41c991b8ce6e37561ad2fb263461f093 -> a9b6643ebb9e677ed2e0025dcc569a5e
========================================================================
Received Import Request.
  Time since last request: 177.003062 seconds.
  path: Assets/Prefabs/shapes/animal (4) 2.prefab
  artifactKey: Guid(59f57960c6490b747b467b192d0c2149) Importer(815301076,1909f56bfc062723c751e8b465ee728b)
Start importing Assets/Prefabs/shapes/animal (4) 2.prefab using Guid(59f57960c6490b747b467b192d0c2149) Importer(815301076,1909f56bfc062723c751e8b465ee728b) [PhysX] Initialized MultithreadedTaskDispatcher with 8 workers.
[PhysX] Initialized MultithreadedTaskDispatcher with 8 workers.
 -> (artifact id: '1f15992609cf6f98d676e21a7d659b15') in 0.255219 seconds
Number of updated asset objects reloaded before import = 0
Number of asset objects unloaded after import = 7
========================================================================
Received Import Request.
  Time since last request: 0.000079 seconds.
  path: Assets/Prefabs/shapes/animal (4) 2 Variant.prefab
  artifactKey: Guid(86ed9ae7e991743479b58dcc6a132340) Importer(815301076,1909f56bfc062723c751e8b465ee728b)
Start importing Assets/Prefabs/shapes/animal (4) 2 Variant.prefab using Guid(86ed9ae7e991743479b58dcc6a132340) Importer(815301076,1909f56bfc062723c751e8b465ee728b) [PhysX] Initialized MultithreadedTaskDispatcher with 8 workers.
[PhysX] Initialized MultithreadedTaskDispatcher with 8 workers.
 -> (artifact id: '7682695808d1b4b17a6d8f31b80a9c02') in 0.059072 seconds
Number of updated asset objects reloaded before import = 0
Number of asset objects unloaded after import = 15
========================================================================
Received Import Request.
  Time since last request: 12.765910 seconds.
  path: Assets/Prefabs/shapes/animal (4) 2.prefab
  artifactKey: Guid(59f57960c6490b747b467b192d0c2149) Importer(815301076,1909f56bfc062723c751e8b465ee728b)
Start importing Assets/Prefabs/shapes/animal (4) 2.prefab using Guid(59f57960c6490b747b467b192d0c2149) Importer(815301076,1909f56bfc062723c751e8b465ee728b) [PhysX] Initialized MultithreadedTaskDispatcher with 8 workers.
[PhysX] Initialized MultithreadedTaskDispatcher with 8 workers.
 -> (artifact id: 'd64fecffec0316cabbab3a75e1a63760') in 0.027238 seconds
Number of updated asset objects reloaded before import = 0
Number of asset objects unloaded after import = 7
========================================================================
Received Import Request.
  Time since last request: 0.000048 seconds.
  path: Assets/Prefabs/shapes/animal (4) 2 Variant.prefab
  artifactKey: Guid(86ed9ae7e991743479b58dcc6a132340) Importer(815301076,1909f56bfc062723c751e8b465ee728b)
Start importing Assets/Prefabs/shapes/animal (4) 2 Variant.prefab using Guid(86ed9ae7e991743479b58dcc6a132340) Importer(815301076,1909f56bfc062723c751e8b465ee728b) [PhysX] Initialized MultithreadedTaskDispatcher with 8 workers.
[PhysX] Initialized MultithreadedTaskDispatcher with 8 workers.
 -> (artifact id: '965b54397f31386a33b8fcb53a1fab41') in 0.026848 seconds
Number of updated asset objects reloaded before import = 0
Number of asset objects unloaded after import = 15
========================================================================
Received Import Request.
  Time since last request: 19.529151 seconds.
  path: Assets/Prefabs/shapes/animal (4) 2.prefab
  artifactKey: Guid(59f57960c6490b747b467b192d0c2149) Importer(815301076,1909f56bfc062723c751e8b465ee728b)
Start importing Assets/Prefabs/shapes/animal (4) 2.prefab using Guid(59f57960c6490b747b467b192d0c2149) Importer(815301076,1909f56bfc062723c751e8b465ee728b) [PhysX] Initialized MultithreadedTaskDispatcher with 8 workers.
[PhysX] Initialized MultithreadedTaskDispatcher with 8 workers.
 -> (artifact id: '11477add021b72bbf50041490d87c708') in 0.026947 seconds
Number of updated asset objects reloaded before import = 0
Number of asset objects unloaded after import = 7
========================================================================
Received Import Request.
  Time since last request: 0.000034 seconds.
  path: Assets/Prefabs/shapes/animal (4) 2 Variant.prefab
  artifactKey: Guid(86ed9ae7e991743479b58dcc6a132340) Importer(815301076,1909f56bfc062723c751e8b465ee728b)
Start importing Assets/Prefabs/shapes/animal (4) 2 Variant.prefab using Guid(86ed9ae7e991743479b58dcc6a132340) Importer(815301076,1909f56bfc062723c751e8b465ee728b) [PhysX] Initialized MultithreadedTaskDispatcher with 8 workers.
[PhysX] Initialized MultithreadedTaskDispatcher with 8 workers.
 -> (artifact id: '8553bfdd40d553f0c0ca183eb38a93d6') in 0.031605 seconds
Number of updated asset objects reloaded before import = 0
Number of asset objects unloaded after import = 15
========================================================================
Received Import Request.
  Time since last request: 194.536848 seconds.
  path: Assets/Prefabs/shapes/animal (6) 1 1.prefab
  artifactKey: Guid(0e1620e7b943f1e4c856aaa4f74f84c7) Importer(815301076,1909f56bfc062723c751e8b465ee728b)
Start importing Assets/Prefabs/shapes/animal (6) 1 1.prefab using Guid(0e1620e7b943f1e4c856aaa4f74f84c7) Importer(815301076,1909f56bfc062723c751e8b465ee728b) [PhysX] Initialized MultithreadedTaskDispatcher with 8 workers.
[PhysX] Initialized MultithreadedTaskDispatcher with 8 workers.
 -> (artifact id: '7e2279d118939e3f6bcc38bfa39d930e') in 0.088924 seconds
Number of updated asset objects reloaded before import = 0
Number of asset objects unloaded after import = 7
========================================================================
Received Import Request.
  Time since last request: 2.401322 seconds.
  path: Assets/Prefabs/shapes/animal (6) 1 1.prefab
  artifactKey: Guid(0e1620e7b943f1e4c856aaa4f74f84c7) Importer(815301076,1909f56bfc062723c751e8b465ee728b)
Start importing Assets/Prefabs/shapes/animal (6) 1 1.prefab using Guid(0e1620e7b943f1e4c856aaa4f74f84c7) Importer(815301076,1909f56bfc062723c751e8b465ee728b) [PhysX] Initialized MultithreadedTaskDispatcher with 8 workers.
[PhysX] Initialized MultithreadedTaskDispatcher with 8 workers.
 -> (artifact id: 'e10264e3c271ae76f611842ed245fcb5') in 0.086257 seconds
Number of updated asset objects reloaded before import = 0
Number of asset objects unloaded after import = 7
========================================================================
Received Import Request.
  Time since last request: 4.117969 seconds.
  path: Assets/Prefabs/shapes/animal (7) 1 1.prefab
  artifactKey: Guid(7bd75b21b83329c42890969156dd8bf2) Importer(815301076,1909f56bfc062723c751e8b465ee728b)
Start importing Assets/Prefabs/shapes/animal (7) 1 1.prefab using Guid(7bd75b21b83329c42890969156dd8bf2) Importer(815301076,1909f56bfc062723c751e8b465ee728b) [PhysX] Initialized MultithreadedTaskDispatcher with 8 workers.
[PhysX] Initialized MultithreadedTaskDispatcher with 8 workers.
 -> (artifact id: '2fa173920b96e8b8df5e558f692681be') in 0.071785 seconds
Number of updated asset objects reloaded before import = 0
Number of asset objects unloaded after import = 7
========================================================================
Received Import Request.
  Time since last request: 1.644130 seconds.
  path: Assets/Prefabs/shapes/animal (7) 1 1.prefab
  artifactKey: Guid(7bd75b21b83329c42890969156dd8bf2) Importer(815301076,1909f56bfc062723c751e8b465ee728b)
Start importing Assets/Prefabs/shapes/animal (7) 1 1.prefab using Guid(7bd75b21b83329c42890969156dd8bf2) Importer(815301076,1909f56bfc062723c751e8b465ee728b) [PhysX] Initialized MultithreadedTaskDispatcher with 8 workers.
[PhysX] Initialized MultithreadedTaskDispatcher with 8 workers.
 -> (artifact id: '72f0074bde6571f3d4c8285a4c84b16d') in 0.085554 seconds
Number of updated asset objects reloaded before import = 0
Number of asset objects unloaded after import = 7
========================================================================
Received Import Request.
  Time since last request: 3.808858 seconds.
  path: Assets/Prefabs/shapes/fruits (1).prefab
  artifactKey: Guid(1fd9e141f0ad44c49803af6582e71cdd) Importer(815301076,1909f56bfc062723c751e8b465ee728b)
Start importing Assets/Prefabs/shapes/fruits (1).prefab using Guid(1fd9e141f0ad44c49803af6582e71cdd) Importer(815301076,1909f56bfc062723c751e8b465ee728b) [PhysX] Initialized MultithreadedTaskDispatcher with 8 workers.
[PhysX] Initialized MultithreadedTaskDispatcher with 8 workers.
 -> (artifact id: '1eb0645327e8b882f38a92929c8d725f') in 0.080868 seconds
Number of updated asset objects reloaded before import = 0
Number of asset objects unloaded after import = 7
========================================================================
Received Import Request.
  Time since last request: 1.828735 seconds.
  path: Assets/Prefabs/shapes/fruits (1).prefab
  artifactKey: Guid(1fd9e141f0ad44c49803af6582e71cdd) Importer(815301076,1909f56bfc062723c751e8b465ee728b)
Start importing Assets/Prefabs/shapes/fruits (1).prefab using Guid(1fd9e141f0ad44c49803af6582e71cdd) Importer(815301076,1909f56bfc062723c751e8b465ee728b) [PhysX] Initialized MultithreadedTaskDispatcher with 8 workers.
[PhysX] Initialized MultithreadedTaskDispatcher with 8 workers.
 -> (artifact id: 'dee08c2790b103452769d360b58a6dd1') in 0.135114 seconds
Number of updated asset objects reloaded before import = 0
Number of asset objects unloaded after import = 7
========================================================================
Received Import Request.
  Time since last request: 9.144571 seconds.
  path: Assets/Prefabs/shapes/fruits (4).prefab
  artifactKey: Guid(7334bc34b54da124fac3041675e9b50c) Importer(815301076,1909f56bfc062723c751e8b465ee728b)
Start importing Assets/Prefabs/shapes/fruits (4).prefab using Guid(7334bc34b54da124fac3041675e9b50c) Importer(815301076,1909f56bfc062723c751e8b465ee728b) [PhysX] Initialized MultithreadedTaskDispatcher with 8 workers.
[PhysX] Initialized MultithreadedTaskDispatcher with 8 workers.
 -> (artifact id: '97414da61d06ca6360ef228895a0662c') in 0.025047 seconds
Number of updated asset objects reloaded before import = 0
Number of asset objects unloaded after import = 7
========================================================================
Received Import Request.
  Time since last request: 1.961698 seconds.
  path: Assets/Prefabs/shapes/fruits (4).prefab
  artifactKey: Guid(7334bc34b54da124fac3041675e9b50c) Importer(815301076,1909f56bfc062723c751e8b465ee728b)
Start importing Assets/Prefabs/shapes/fruits (4).prefab using Guid(7334bc34b54da124fac3041675e9b50c) Importer(815301076,1909f56bfc062723c751e8b465ee728b) [PhysX] Initialized MultithreadedTaskDispatcher with 8 workers.
[PhysX] Initialized MultithreadedTaskDispatcher with 8 workers.
 -> (artifact id: '1c1eefded40f349ddd555e2b5c5d09b1') in 0.037697 seconds
Number of updated asset objects reloaded before import = 0
Number of asset objects unloaded after import = 7
========================================================================
Received Import Request.
  Time since last request: 23.938777 seconds.
  path: Assets/Prefabs/shapes/musical_instruments (5).prefab
  artifactKey: Guid(328548b6b95ea194a89bba2d991abefb) Importer(815301076,1909f56bfc062723c751e8b465ee728b)
Start importing Assets/Prefabs/shapes/musical_instruments (5).prefab using Guid(328548b6b95ea194a89bba2d991abefb) Importer(815301076,1909f56bfc062723c751e8b465ee728b) [PhysX] Initialized MultithreadedTaskDispatcher with 8 workers.
[PhysX] Initialized MultithreadedTaskDispatcher with 8 workers.
 -> (artifact id: 'fcc48e255f4618423868fa5823daee16') in 0.100338 seconds
Number of updated asset objects reloaded before import = 0
Number of asset objects unloaded after import = 7
========================================================================
Received Import Request.
  Time since last request: 2.350235 seconds.
  path: Assets/Prefabs/shapes/musical_instruments (5).prefab
  artifactKey: Guid(328548b6b95ea194a89bba2d991abefb) Importer(815301076,1909f56bfc062723c751e8b465ee728b)
Start importing Assets/Prefabs/shapes/musical_instruments (5).prefab using Guid(328548b6b95ea194a89bba2d991abefb) Importer(815301076,1909f56bfc062723c751e8b465ee728b) [PhysX] Initialized MultithreadedTaskDispatcher with 8 workers.
[PhysX] Initialized MultithreadedTaskDispatcher with 8 workers.
 -> (artifact id: 'e27280dce3bf061d451682f3af3acd72') in 0.125006 seconds
Number of updated asset objects reloaded before import = 0
Number of asset objects unloaded after import = 7
========================================================================
Received Prepare
Caller must complete domain reload
Begin MonoManager ReloadAssembly
- Loaded All Assemblies, in  1.129 seconds
Native extension for WindowsStandalone target not found
Native extension for Android target not found
[Package Manager] Server::EnsureServerProcessIsRunning -- launch failed, reason: Unity was launched with the -noUpm command-line argument
[Package Manager] UpmClient::Send -- Unable to send message (not connected to UPM process).
[Package Manager] Cannot connect to Unity Package Manager local server
Mono: successfully reloaded assembly
[Package Manager] Server::EnsureServerProcessIsRunning -- launch failed, reason: Unity was launched with the -noUpm command-line argument
[Package Manager] UpmClient::Send -- Unable to send message (not connected to UPM process).
[Package Manager] Cannot connect to Unity Package Manager local server
- Finished resetting the current domain, in  5.345 seconds
Domain Reload Profiling: 6470ms
	BeginReloadAssembly (329ms)
		ExecutionOrderSort (0ms)
		DisableScriptedObjects (15ms)
		BackupInstance (0ms)
		ReleaseScriptingObjects (0ms)
		CreateAndSetChildDomain (67ms)
	RebuildCommonClasses (75ms)
	RebuildNativeTypeToScriptingClass (31ms)
	initialDomainReloadingComplete (67ms)
	LoadAllAssembliesAndSetupDomain (618ms)
		LoadAssemblies (771ms)
		RebuildTransferFunctionScriptingTraits (0ms)
		AnalyzeDomain (31ms)
			TypeCache.Refresh (10ms)
				TypeCache.ScanAssembly (0ms)
			ScanForSourceGeneratedMonoScriptInfo (0ms)
			ResolveRequiredComponents (14ms)
	FinalizeReload (5352ms)
		ReleaseScriptCaches (0ms)
		RebuildScriptCaches (0ms)
		SetupLoadedEditorAssemblies (3423ms)
			LogAssemblyErrors (0ms)
			InitializePlatformSupportModulesInManaged (41ms)
			SetLoadedEditorAssemblies (11ms)
			RefreshPlugins (0ms)
			BeforeProcessingInitializeOnLoad (396ms)
			ProcessInitializeOnLoadAttributes (2676ms)
			ProcessInitializeOnLoadMethodAttributes (243ms)
			AfterProcessingInitializeOnLoad (56ms)
			EditorAssembliesLoaded (1ms)
		ExecutionOrderSort2 (0ms)
		AwakeInstancesAfterBackupRestoration (64ms)
Refreshing native plugins compatible for Editor in 29.52 ms, found 3 plugins.
Preloading 0 native plugins for Editor in 0.00 ms.
Unloading 3360 Unused Serialized files (Serialized files now loaded: 0)
Unloading 15 unused Assets / (28.5 KB). Loaded Objects now: 3903.
Memory consumption went from 127.6 MB to 127.6 MB.
Total: 18.037500 ms (FindLiveObjects: 1.822300 ms CreateObjectMapping: 2.480200 ms MarkObjects: 13.416900 ms  DeleteObjects: 0.312200 ms)

Prepare: number of updated asset objects reloaded= 0
AssetImportParameters requested are different than current active one (requested -> active):
  custom:container-demuxer-ogg: 62fdf1f143b41e24485cea50d1cbac27 -> 
  custom:video-decoder-ogg-theora: a1e56fd34408186e4bbccfd4996cb3dc -> 
  custom:framework-win-MediaFoundation: 216162199b28c13a410421893ffa2e32 -> 
  custom:CustomObjectIndexerAttribute: 9a22284fe3817be447336de3de66b15e -> 
  custom:container-demuxer-webm: 4f35f7cbe854078d1ac9338744f61a02 -> 
  custom:container-muxer-webm: aa71ff27fc2769a1b78a27578f13a17b -> 
  custom:video-decoder-webm-vp8: 9c59270c3fd7afecdb556c50c9e8de78 -> 
  custom:SearchIndexIgnoredProperties: e643bd26f0fe6173181afceb89e7c659 -> 
  custom:AudioImporter_EditorPlatform: d09bf68614088b80899f8185d706f6e7 -> 
  custom:video-encoder-webm-vp8: eb34c28f22e8b96e1ab97ce403110664 -> 
  custom:audio-decoder-ogg-vorbis: bf7c407c2cedff20999df2af8eb42d56 -> 
  custom:audio-encoder-webm-vorbis: bf7c407c2cedff20999df2af8eb42d56 -> 
  custom:scripting/precompiled-assembly-types:Assembly-CSharp: 41c991b8ce6e37561ad2fb263461f093 -> a9b6643ebb9e677ed2e0025dcc569a5e
========================================================================
Received Import Request.
  Time since last request: 64.348876 seconds.
  path: Assets/Prefabs/shapes/animal (6) 1 1.prefab
  artifactKey: Guid(0e1620e7b943f1e4c856aaa4f74f84c7) Importer(815301076,1909f56bfc062723c751e8b465ee728b)
Start importing Assets/Prefabs/shapes/animal (6) 1 1.prefab using Guid(0e1620e7b943f1e4c856aaa4f74f84c7) Importer(815301076,1909f56bfc062723c751e8b465ee728b) [PhysX] Initialized MultithreadedTaskDispatcher with 8 workers.
[PhysX] Initialized MultithreadedTaskDispatcher with 8 workers.
 -> (artifact id: '027a375e0bd403a3dd809923685c4c9e') in 0.243639 seconds
Number of updated asset objects reloaded before import = 0
Number of asset objects unloaded after import = 7
========================================================================
Received Import Request.
  Time since last request: 4.225771 seconds.
  path: Assets/Prefabs/shapes/animal (6) 1 1.prefab
  artifactKey: Guid(0e1620e7b943f1e4c856aaa4f74f84c7) Importer(815301076,1909f56bfc062723c751e8b465ee728b)
Start importing Assets/Prefabs/shapes/animal (6) 1 1.prefab using Guid(0e1620e7b943f1e4c856aaa4f74f84c7) Importer(815301076,1909f56bfc062723c751e8b465ee728b) [PhysX] Initialized MultithreadedTaskDispatcher with 8 workers.
[PhysX] Initialized MultithreadedTaskDispatcher with 8 workers.
 -> (artifact id: 'ddaa8f8236e8bdb0a328f9b61fa78b13') in 0.080799 seconds
Number of updated asset objects reloaded before import = 0
Number of asset objects unloaded after import = 7
========================================================================
Received Import Request.
  Time since last request: 6.788668 seconds.
  path: Assets/Prefabs/shapes/animal (7) 1 1.prefab
  artifactKey: Guid(7bd75b21b83329c42890969156dd8bf2) Importer(815301076,1909f56bfc062723c751e8b465ee728b)
Start importing Assets/Prefabs/shapes/animal (7) 1 1.prefab using Guid(7bd75b21b83329c42890969156dd8bf2) Importer(815301076,1909f56bfc062723c751e8b465ee728b) [PhysX] Initialized MultithreadedTaskDispatcher with 8 workers.
[PhysX] Initialized MultithreadedTaskDispatcher with 8 workers.
 -> (artifact id: 'a7c47dcf640e00ede02cfd3a2a4020a3') in 0.047488 seconds
Number of updated asset objects reloaded before import = 0
Number of asset objects unloaded after import = 7
========================================================================
Received Import Request.
  Time since last request: 1.824652 seconds.
  path: Assets/Prefabs/shapes/animal (7) 1 1.prefab
  artifactKey: Guid(7bd75b21b83329c42890969156dd8bf2) Importer(815301076,1909f56bfc062723c751e8b465ee728b)
Start importing Assets/Prefabs/shapes/animal (7) 1 1.prefab using Guid(7bd75b21b83329c42890969156dd8bf2) Importer(815301076,1909f56bfc062723c751e8b465ee728b) [PhysX] Initialized MultithreadedTaskDispatcher with 8 workers.
[PhysX] Initialized MultithreadedTaskDispatcher with 8 workers.
 -> (artifact id: 'dc09f9d30b2b462fa23cf8e7ddc873c1') in 0.071907 seconds
Number of updated asset objects reloaded before import = 0
Number of asset objects unloaded after import = 7
========================================================================
Received Prepare
Caller must complete domain reload
Begin MonoManager ReloadAssembly
- Loaded All Assemblies, in  1.366 seconds
Native extension for WindowsStandalone target not found
Native extension for Android target not found
[Package Manager] Server::EnsureServerProcessIsRunning -- launch failed, reason: Unity was launched with the -noUpm command-line argument
[Package Manager] UpmClient::Send -- Unable to send message (not connected to UPM process).
[Package Manager] Cannot connect to Unity Package Manager local server
Mono: successfully reloaded assembly
[Package Manager] Server::EnsureServerProcessIsRunning -- launch failed, reason: Unity was launched with the -noUpm command-line argument
[Package Manager] UpmClient::Send -- Unable to send message (not connected to UPM process).
[Package Manager] Cannot connect to Unity Package Manager local server
- Finished resetting the current domain, in  5.839 seconds
Domain Reload Profiling: 7204ms
	BeginReloadAssembly (354ms)
		ExecutionOrderSort (0ms)
		DisableScriptedObjects (10ms)
		BackupInstance (0ms)
		ReleaseScriptingObjects (0ms)
		CreateAndSetChildDomain (73ms)
	RebuildCommonClasses (72ms)
	RebuildNativeTypeToScriptingClass (25ms)
	initialDomainReloadingComplete (67ms)
	LoadAllAssembliesAndSetupDomain (844ms)
		LoadAssemblies (969ms)
		RebuildTransferFunctionScriptingTraits (0ms)
		AnalyzeDomain (75ms)
			TypeCache.Refresh (25ms)
				TypeCache.ScanAssembly (0ms)
			ScanForSourceGeneratedMonoScriptInfo (1ms)
			ResolveRequiredComponents (38ms)
	FinalizeReload (5842ms)
		ReleaseScriptCaches (0ms)
		RebuildScriptCaches (0ms)
		SetupLoadedEditorAssemblies (3110ms)
			LogAssemblyErrors (0ms)
			InitializePlatformSupportModulesInManaged (147ms)
			SetLoadedEditorAssemblies (40ms)
			RefreshPlugins (0ms)
			BeforeProcessingInitializeOnLoad (468ms)
			ProcessInitializeOnLoadAttributes (2148ms)
			ProcessInitializeOnLoadMethodAttributes (233ms)
			AfterProcessingInitializeOnLoad (72ms)
			EditorAssembliesLoaded (1ms)
		ExecutionOrderSort2 (0ms)
		AwakeInstancesAfterBackupRestoration (66ms)
Refreshing native plugins compatible for Editor in 33.55 ms, found 3 plugins.
Preloading 0 native plugins for Editor in 0.00 ms.
Unloading 3360 Unused Serialized files (Serialized files now loaded: 0)
Unloading 15 unused Assets / (28.5 KB). Loaded Objects now: 3907.
Memory consumption went from 127.6 MB to 127.6 MB.
Total: 24.186500 ms (FindLiveObjects: 2.988200 ms CreateObjectMapping: 1.768000 ms MarkObjects: 19.278000 ms  DeleteObjects: 0.148200 ms)

Prepare: number of updated asset objects reloaded= 0
AssetImportParameters requested are different than current active one (requested -> active):
  custom:container-demuxer-ogg: 62fdf1f143b41e24485cea50d1cbac27 -> 
  custom:video-decoder-ogg-theora: a1e56fd34408186e4bbccfd4996cb3dc -> 
  custom:framework-win-MediaFoundation: 216162199b28c13a410421893ffa2e32 -> 
  custom:CustomObjectIndexerAttribute: 9a22284fe3817be447336de3de66b15e -> 
  custom:container-demuxer-webm: 4f35f7cbe854078d1ac9338744f61a02 -> 
  custom:container-muxer-webm: aa71ff27fc2769a1b78a27578f13a17b -> 
  custom:video-decoder-webm-vp8: 9c59270c3fd7afecdb556c50c9e8de78 -> 
  custom:SearchIndexIgnoredProperties: e643bd26f0fe6173181afceb89e7c659 -> 
  custom:AudioImporter_EditorPlatform: d09bf68614088b80899f8185d706f6e7 -> 
  custom:video-encoder-webm-vp8: eb34c28f22e8b96e1ab97ce403110664 -> 
  custom:audio-decoder-ogg-vorbis: bf7c407c2cedff20999df2af8eb42d56 -> 
  custom:audio-encoder-webm-vorbis: bf7c407c2cedff20999df2af8eb42d56 -> 
  custom:scripting/precompiled-assembly-types:Assembly-CSharp: 41c991b8ce6e37561ad2fb263461f093 -> a9b6643ebb9e677ed2e0025dcc569a5e
========================================================================
Received Import Request.
  Time since last request: 59.558599 seconds.
  path: Assets/Prefabs/shapes/musical_instruments (3).prefab
  artifactKey: Guid(e6f3d00d21daa284c94b18fa49c5265f) Importer(815301076,1909f56bfc062723c751e8b465ee728b)
Start importing Assets/Prefabs/shapes/musical_instruments (3).prefab using Guid(e6f3d00d21daa284c94b18fa49c5265f) Importer(815301076,1909f56bfc062723c751e8b465ee728b) [PhysX] Initialized MultithreadedTaskDispatcher with 8 workers.
[PhysX] Initialized MultithreadedTaskDispatcher with 8 workers.
 -> (artifact id: '8a66d6c4901510e816ca0407dccc4b9d') in 0.317749 seconds
Number of updated asset objects reloaded before import = 0
Number of asset objects unloaded after import = 7
========================================================================
Received Import Request.
  Time since last request: 1.260676 seconds.
  path: Assets/Prefabs/shapes/musical_instruments (3).prefab
  artifactKey: Guid(e6f3d00d21daa284c94b18fa49c5265f) Importer(815301076,1909f56bfc062723c751e8b465ee728b)
Start importing Assets/Prefabs/shapes/musical_instruments (3).prefab using Guid(e6f3d00d21daa284c94b18fa49c5265f) Importer(815301076,1909f56bfc062723c751e8b465ee728b) [PhysX] Initialized MultithreadedTaskDispatcher with 8 workers.
[PhysX] Initialized MultithreadedTaskDispatcher with 8 workers.
 -> (artifact id: '3ad039b35dd571c505ea03c836797c26') in 0.086769 seconds
Number of updated asset objects reloaded before import = 0
Number of asset objects unloaded after import = 7
